task_id	row_number	permno	company	ticker	cc_date	date_from	date_to
T0008	8	22592	3M Co	MMM	2017-01-24	2017-01-24	2017-02-07
T0025	25	77520	AGCO Corp	AGCO	2015-02-03	2015-02-03	2015-02-17
T0030	30	80303	AK Steel Holding Corp	AKST	2016-07-26	2016-07-26	2016-08-09
T0031	31	80303	AK Steel Holding Corp	AKST	2015-10-27	2015-10-27	2015-11-10
T0033	33	80303	AK Steel Holding Corp	AKST	2018-01-30	2018-01-30	2018-02-13
T0051	51	89789	AXIS Capital Holdings Ltd	AXS	2016-04-27	2016-04-27	2016-05-11
T0069	69	20482	Abbott Laboratories	ABT	2015-01-29	2015-01-29	2015-02-12
T0075	75	83976	Abercrombie & Fitch Co	ANF	2015-11-20	2015-11-20	2015-12-04
T0097	97	79678	Activision Blizzard Inc	AVSN	2017-05-04	2017-05-04	2017-05-18
T0109	109	75510	Adobe Systems Inc	ADBE	2018-12-13	2018-12-13	2018-12-27
T0110	110	75510	Adobe Systems Inc	ADBE	2018-06-14	2018-06-14	2018-06-28
T0111	111	75510	Adobe Systems Inc	ADBE	2018-03-15	2018-03-15	2018-03-29
T0112	112	75510	Adobe Systems Inc	ADBE	2017-03-16	2017-03-16	2017-03-30
T0113	113	75510	Adobe Systems Inc	ADBE	2015-03-17	2015-03-17	2015-03-31
T0114	114	75510	Adobe Systems Inc	ADBE	2016-03-17	2016-03-17	2016-03-31
T0115	115	75510	Adobe Systems Inc	ADBE	2017-09-19	2017-09-19	2017-10-03
T0116	116	75510	Adobe Systems Inc	ADBE	2016-09-20	2016-09-20	2016-10-04
T0131	131	91602	AerCap Holdings NV	AERH	2017-11-02	2017-11-02	2017-11-16
T0140	140	14498	Aerohive Networks Inc	HIVE	2015-08-05	2015-08-05	2015-08-19
T0141	141	14498	Aerohive Networks Inc	HIVE	2015-02-11	2015-02-11	2015-02-25
T0176	176	12641	Air Lease Corp	ALAL	2017-02-23	2017-02-23	2017-03-09
T0180	180	70308	Airgas Inc	AGA	2015-07-28	2015-07-28	2015-08-11
T0194	194	80191	Albemarle Corp	ALB1	2016-08-04	2016-08-04	2016-08-18
T0195	195	80191	Albemarle Corp	ALB1	2017-08-08	2017-08-08	2017-08-22
T0213	213	14888	Alibaba Group Holding Ltd	BABA	2016-05-05	2016-05-05	2016-05-19
T0230	230	14297	Allegion PLC	ALEE	2018-10-25	2018-10-25	2018-11-08
T0233	233	78916	Allergan plc	WATS	2017-08-03	2017-08-03	2017-08-17
T0239	239	78916	Allergan plc	WATS	2018-07-26	2018-07-26	2018-08-09
T0240	240	78916	Allergan plc	WATS	2018-04-30	2018-04-30	2018-05-14
T0242	242	13284	Allison Transmission Holdings Inc	ALSN	2016-02-09	2016-02-09	2016-02-23
T0298	298	86547	American Axle & Manufacturing Holdings Inc	AXL	2018-05-04	2018-05-04	2018-05-18
T0313	313	14061	American Homes 4 Rent	AMHH	2017-02-24	2017-02-24	2017-03-10
T0320	320	90880	Ameriprise Financial Inc	AMPW	2016-04-28	2016-04-28	2016-05-12
T0321	321	81540	AmerisourceBergen Corp	ASHC	2016-08-02	2016-08-02	2016-08-16
T0322	322	81540	AmerisourceBergen Corp	ASHC	2016-11-02	2016-11-02	2016-11-16
T0323	323	81540	AmerisourceBergen Corp	ASHC	2016-02-04	2016-02-04	2016-02-18
T0324	324	81540	AmerisourceBergen Corp	ASHC	2017-05-04	2017-05-04	2017-05-18
T0325	325	81540	AmerisourceBergen Corp	ASHC	2016-05-05	2016-05-05	2016-05-19
T0326	326	81540	AmerisourceBergen Corp	ASHC	2018-02-06	2018-02-06	2018-02-20
T0327	327	81540	AmerisourceBergen Corp	ASHC	2018-11-06	2018-11-06	2018-11-20
T0328	328	81540	AmerisourceBergen Corp	ASHC	2015-01-28	2015-01-28	2015-02-11
T0343	343	82702	Amneal Pharmaceuticals Inc	GLPC	2018-11-07	2018-11-07	2018-11-21
T0355	355	70332	Anadarko Petroleum Corp	APC	2017-02-01	2017-02-01	2017-02-15
T0356	356	70332	Anadarko Petroleum Corp	APC	2017-11-01	2017-11-01	2017-11-15
T0357	357	70332	Anadarko Petroleum Corp	APC	2016-05-03	2016-05-03	2016-05-17
T0358	358	70332	Anadarko Petroleum Corp	APC	2017-05-03	2017-05-03	2017-05-17
T0359	359	70332	Anadarko Petroleum Corp	APC	2015-05-05	2015-05-05	2015-05-19
T0360	360	70332	Anadarko Petroleum Corp	APC	2016-07-27	2016-07-27	2016-08-10
T0361	361	70332	Anadarko Petroleum Corp	APC	2015-07-29	2015-07-29	2015-08-12
T0371	371	60871	Analog Devices Inc	ADI	2015-11-24	2015-11-24	2015-12-08
T0376	376	12683	Andeavor Logistics LP	TLLP	2017-11-09	2017-11-09	2017-11-23
T0378	378	89179	Anthem Inc	ATHI	2018-04-25	2018-04-25	2018-05-09
T0379	379	89179	Anthem Inc	ATHI	2018-07-25	2018-07-25	2018-08-08
T0380	380	89179	Anthem Inc	ATHI	2016-01-27	2016-01-27	2016-02-10
T0381	381	89179	Anthem Inc	ATHI	2016-07-27	2016-07-27	2016-08-10
T0382	382	89179	Anthem Inc	ATHI	2015-04-29	2015-04-29	2015-05-13
T0383	383	89179	Anthem Inc	ATHI	2015-07-29	2015-07-29	2015-08-12
T0384	384	39490	Apache Corp	APA	2015-11-05	2015-11-05	2015-11-19
T0386	386	81138	Apollo Education Group Inc	APOL	2015-03-25	2015-03-25	2015-04-08
T0387	387	81138	Apollo Education Group Inc	APOL	2015-06-29	2015-06-29	2015-07-13
T0388	388	12591	Apollo Global Management LLC	APOO	2017-11-01	2017-11-01	2017-11-15
T0389	389	12591	Apollo Global Management LLC	APOO	2016-02-03	2016-02-03	2016-02-17
T0390	390	12591	Apollo Global Management LLC	APOO	2015-02-05	2015-02-05	2015-02-19
T0391	391	12591	Apollo Global Management LLC	APOO	2016-05-05	2016-05-05	2016-05-19
T0392	392	12591	Apollo Global Management LLC	APOO	2015-05-07	2015-05-07	2015-05-21
T0393	393	12591	Apollo Global Management LLC	APOO	2017-04-28	2017-04-28	2017-05-12
T0394	394	12591	Apollo Global Management LLC	APOO	2015-10-28	2015-10-28	2015-11-11
T0395	395	12591	Apollo Global Management LLC	APOO	2016-10-28	2016-10-28	2016-11-11
T0396	396	12591	Apollo Global Management LLC	APOO	2015-07-29	2015-07-29	2015-08-12
T0427	427	17046	Aquantia Corp	AQ	2018-07-25	2018-07-25	2018-08-08
T0429	429	14329	Aramark	ARMK	2015-02-11	2015-02-11	2015-02-25
T0430	430	14329	Aramark	ARMK	2016-05-11	2016-05-11	2016-05-25
T0431	431	14329	Aramark	ARMK	2015-08-12	2015-08-12	2015-08-26
T0433	433	14329	Aramark	ARMK	2015-11-18	2015-11-18	2015-12-02
T0442	442	24643	Arconic Inc	AA	2018-04-30	2018-04-30	2018-05-14
T0462	462	15318	Associated Banc-Corp	ASBC	2018-04-19	2018-04-19	2018-05-03
T0463	463	15318	Associated Banc-Corp	ASBC	2017-04-20	2017-04-20	2017-05-04
T0470	470	15909	Atlassian Corp PLC	00YT	2016-08-04	2016-08-04	2016-08-18
T0471	471	15909	Atlassian Corp PLC	00YT	2018-01-18	2018-01-18	2018-02-01
T0472	472	15909	Atlassian Corp PLC	00YT	2018-04-19	2018-04-19	2018-05-03
T0473	473	15909	Atlassian Corp PLC	00YT	2017-01-19	2017-01-19	2017-02-02
T0474	474	15909	Atlassian Corp PLC	00YT	2017-10-19	2017-10-19	2017-11-02
T0475	475	15909	Atlassian Corp PLC	00YT	2018-07-26	2018-07-26	2018-08-09
T0476	476	15909	Atlassian Corp PLC	00YT	2017-04-27	2017-04-27	2017-05-11
T0477	477	15909	Atlassian Corp PLC	00YT	2017-07-27	2017-07-27	2017-08-10
T0478	478	32986	Atmos Energy Corp	EGAS	2016-02-03	2016-02-03	2016-02-17
T0479	479	15721	Atwood Oceanics Inc	ATWD	2015-02-04	2015-02-04	2015-02-18
T0481	481	85631	Autodesk Inc	ACAD	2018-03-06	2018-03-06	2018-03-20
T0482	482	85631	Autodesk Inc	ACAD	2017-05-18	2017-05-18	2017-06-01
T0483	483	85631	Autodesk Inc	ACAD	2015-05-19	2015-05-19	2015-06-02
T0484	484	85631	Autodesk Inc	ACAD	2016-05-19	2016-05-19	2016-06-02
T0485	485	85631	Autodesk Inc	ACAD	2017-08-24	2017-08-24	2017-09-07
T0486	486	85631	Autodesk Inc	ACAD	2016-08-25	2016-08-25	2016-09-08
T0487	487	85631	Autodesk Inc	ACAD	2015-02-26	2015-02-26	2015-03-12
T0488	488	85631	Autodesk Inc	ACAD	2015-08-27	2015-08-27	2015-09-10
T0489	489	14332	Autohome Inc	ATMH	2018-08-08	2018-08-08	2018-08-22
T0490	490	14332	Autohome Inc	ATMH	2018-05-08	2018-05-08	2018-05-22
T0491	491	14332	Autohome Inc	ATMH	2016-02-17	2016-02-17	2016-03-02
T0492	492	84656	Autoliv Inc	ALV	2015-04-22	2015-04-22	2015-05-06
T0493	493	76605	Autozone Inc	AZO	2018-12-04	2018-12-04	2018-12-18
T0497	497	15053	Axalta Coating Systems Ltd	AXTA	2017-08-03	2017-08-03	2017-08-17
T0503	503	76892	BOK Financial Corp	BOKF	2018-01-24	2018-01-24	2018-02-07
T0504	504	76892	BOK Financial Corp	BOKF	2018-10-24	2018-10-24	2018-11-07
T0505	505	76892	BOK Financial Corp	BOKF	2018-04-25	2018-04-25	2018-05-09
T0507	507	76892	BOK Financial Corp	BOKF	2016-01-27	2016-01-27	2016-02-10
T0508	508	76892	BOK Financial Corp	BOKF	2015-10-28	2015-10-28	2015-11-11
T0509	509	76892	BOK Financial Corp	BOKF	2015-07-29	2015-07-29	2015-08-12
T0510	510	90857	Baidu Inc	BIDU	2016-04-29	2016-04-29	2016-05-13
T0511	511	90857	Baidu Inc	BIDU	2016-07-29	2016-07-29	2016-08-12
T0512	512	75034	Baker Hughes A GE Company LLC	BHI1	2015-01-20	2015-01-20	2015-02-03
T0516	516	16548	Bank of Hawaii Corp	BNHI	2018-01-22	2018-01-22	2018-02-05
T0517	517	16548	Bank of Hawaii Corp	BNHI	2018-07-23	2018-07-23	2018-08-06
T0518	518	16548	Bank of Hawaii Corp	BNHI	2016-10-24	2016-10-24	2016-11-07
T0522	522	16548	Bank of Hawaii Corp	BNHI	2015-07-27	2015-07-27	2015-08-10
T0533	533	85198	Bank of the Ozarks	OZRK	2017-10-11	2017-10-11	2017-10-25
T0534	534	85198	Bank of the Ozarks	OZRK	2018-04-12	2018-04-12	2018-04-26
T0535	535	85198	Bank of the Ozarks	OZRK	2018-01-16	2018-01-16	2018-01-30
T0536	536	12515	BankUnited Inc	BKU	2016-04-20	2016-04-20	2016-05-04
T0538	538	12515	BankUnited Inc	BKU	2016-01-21	2016-01-21	2016-02-04
T0539	539	12515	BankUnited Inc	BKU	2015-04-23	2015-04-23	2015-05-07
T0540	540	12515	BankUnited Inc	BKU	2015-07-23	2015-07-23	2015-08-06
T0541	541	12515	BankUnited Inc	BKU	2018-10-24	2018-10-24	2018-11-07
T0543	543	12515	BankUnited Inc	BKU	2018-04-25	2018-04-25	2018-05-09
T0546	546	15365	Baozun Inc	BZUN	2016-08-04	2016-08-04	2016-08-18
T0547	547	15365	Baozun Inc	BZUN	2016-05-23	2016-05-23	2016-06-06
T0564	564	77659	Bed Bath & Beyond Inc	BBBY	2017-04-05	2017-04-05	2017-04-19
T0565	565	77659	Bed Bath & Beyond Inc	BBBY	2018-04-11	2018-04-11	2018-04-25
T0566	566	77659	Bed Bath & Beyond Inc	BBBY	2017-12-20	2017-12-20	2018-01-03
T0567	567	77659	Bed Bath & Beyond Inc	BBBY	2016-12-21	2016-12-21	2017-01-04
T0568	568	77659	Bed Bath & Beyond Inc	BBBY	2016-09-21	2016-09-21	2016-10-05
T0569	569	77659	Bed Bath & Beyond Inc	BBBY	2017-06-22	2017-06-22	2017-07-06
T0570	570	85914	Best Buy Co Inc	BBUY	2015-03-03	2015-03-03	2015-03-17
T0571	571	85914	Best Buy Co Inc	BBUY	2016-11-17	2016-11-17	2016-12-01
T0572	572	85914	Best Buy Co Inc	BBUY	2018-11-20	2018-11-20	2018-12-04
T0573	573	85914	Best Buy Co Inc	BBUY	2016-05-24	2016-05-24	2016-06-07
T0574	574	85914	Best Buy Co Inc	BBUY	2018-05-24	2018-05-24	2018-06-07
T0575	575	85914	Best Buy Co Inc	BBUY	2016-02-25	2016-02-25	2016-03-10
T0576	576	85914	Best Buy Co Inc	BBUY	2017-08-29	2017-08-29	2017-09-12
T0577	577	67467	Big Lots Inc	CNS	2017-12-01	2017-12-01	2017-12-15
T0578	578	67467	Big Lots Inc	CNS	2018-06-01	2018-06-01	2018-06-15
T0579	579	67467	Big Lots Inc	CNS	2018-12-07	2018-12-07	2018-12-21
T0580	580	67467	Big Lots Inc	CNS	2018-03-09	2018-03-09	2018-03-23
T0581	581	67467	Big Lots Inc	CNS	2018-08-31	2018-08-31	2018-09-14
T0583	583	76841	Biogen Inc	IDPH	2015-10-21	2015-10-21	2015-11-04
T0601	601	92108	Blackstone Group LP	BXG	2015-10-15	2015-10-15	2015-10-29
T0602	602	92108	Blackstone Group LP	BXG	2015-07-16	2015-07-16	2015-07-30
T0603	603	92108	Blackstone Group LP	BXG	2018-10-18	2018-10-18	2018-11-01
T0604	604	92108	Blackstone Group LP	BXG	2018-04-19	2018-04-19	2018-05-03
T0605	605	92108	Blackstone Group LP	BXG	2017-10-19	2017-10-19	2017-11-02
T0606	606	92108	Blackstone Group LP	BXG	2017-04-20	2017-04-20	2017-05-04
T0607	607	92108	Blackstone Group LP	BXG	2017-07-20	2017-07-20	2017-08-03
T0608	608	92108	Blackstone Group LP	BXG	2016-04-21	2016-04-21	2016-05-05
T0609	609	92108	Blackstone Group LP	BXG	2016-07-21	2016-07-21	2016-08-04
T0610	610	92108	Blackstone Group LP	BXG	2017-01-26	2017-01-26	2017-02-09
T0611	611	92108	Blackstone Group LP	BXG	2016-10-27	2016-10-27	2016-11-10
T0612	612	92108	Blackstone Group LP	BXG	2016-01-28	2016-01-28	2016-02-11
T0613	613	16755	Blue Apron Holdings Inc	01NX	2018-02-13	2018-02-13	2018-02-27
T0614	614	15494	Blue Buffalo Pet Products Inc	BUFF	2017-11-07	2017-11-07	2017-11-21
T0615	615	15494	Blue Buffalo Pet Products Inc	BUFF	2016-11-10	2016-11-10	2016-11-24
T0616	616	15284	Blueprint Medicines Corp	BPMC	2018-02-21	2018-02-21	2018-03-07
T0617	617	90987	Boardwalk Pipeline Partners LP	BWL	2018-02-12	2018-02-12	2018-02-26
T0625	625	85058	Boston Properties Inc	BXP	2015-04-28	2015-04-28	2015-05-12
T0626	626	85058	Boston Properties Inc	BXP	2015-07-30	2015-07-30	2015-08-13
T0629	629	77605	Boston Scientific Corp	BSX	2015-02-04	2015-02-04	2015-02-18
T0639	639	79758	Boyd Gaming Corp	BOYD	2017-05-02	2017-05-02	2017-05-16
T0649	649	23297	Brinker International Inc	CHLI	2015-08-06	2015-08-06	2015-08-20
T0651	651	23297	Brinker International Inc	CHLI	2016-08-11	2016-08-11	2016-08-25
T0653	653	23297	Brinker International Inc	CHLI	2016-01-20	2016-01-20	2016-02-03
T0654	654	23297	Brinker International Inc	CHLI	2015-10-20	2015-10-20	2015-11-03
T0671	671	93002	Broadcom Pte Ltd	AOVG	2017-06-01	2017-06-01	2017-06-15
T0672	672	93002	Broadcom Pte Ltd	AOVG	2016-09-01	2016-09-01	2016-09-15
T0673	673	93002	Broadcom Pte Ltd	AOVG	2016-06-02	2016-06-02	2016-06-16
T0674	674	93002	Broadcom Pte Ltd	AOVG	2017-12-06	2017-12-06	2017-12-20
T0675	675	93002	Broadcom Pte Ltd	AOVG	2016-12-08	2016-12-08	2016-12-22
T0676	676	93002	Broadcom Pte Ltd	AOVG	2018-03-15	2018-03-15	2018-03-29
T0677	677	93002	Broadcom Pte Ltd	AOVG	2017-08-24	2017-08-24	2017-09-07
T0678	678	86881	Brocade Communications Systems Inc	BRCD	2015-11-23	2015-11-23	2015-12-07
T0679	679	86881	Brocade Communications Systems Inc	BRCD	2016-08-25	2016-08-25	2016-09-08
T0680	680	63467	Brown & Brown Inc	POEA	2017-10-17	2017-10-17	2017-10-31
T0681	681	63467	Brown & Brown Inc	POEA	2016-04-19	2016-04-19	2016-05-03
T0682	682	63467	Brown & Brown Inc	POEA	2016-07-19	2016-07-19	2016-08-02
T0684	684	63467	Brown & Brown Inc	POEA	2018-01-23	2018-01-23	2018-02-06
T0685	685	63467	Brown & Brown Inc	POEA	2018-10-23	2018-10-23	2018-11-06
T0686	686	63467	Brown & Brown Inc	POEA	2018-04-24	2018-04-24	2018-05-08
T0690	690	70420	Buckeye Partners LP	BPL	2018-08-03	2018-08-03	2018-08-17
T0691	691	70420	Buckeye Partners LP	BPL	2017-08-04	2017-08-04	2017-08-18
T0692	692	70420	Buckeye Partners LP	BPL	2018-05-04	2018-05-04	2018-05-18
T0704	704	89138	Bunge Ltd	BG3	2018-08-01	2018-08-01	2018-08-15
T0705	705	89138	Bunge Ltd	BG3	2017-11-01	2017-11-01	2017-11-15
T0706	706	89138	Bunge Ltd	BG3	2017-08-02	2017-08-02	2017-08-16
T0707	707	89138	Bunge Ltd	BG3	2018-05-02	2018-05-02	2018-05-16
T0708	708	89138	Bunge Ltd	BG3	2016-11-02	2016-11-02	2016-11-16
T0709	709	89138	Bunge Ltd	BG3	2016-07-28	2016-07-28	2016-08-11
T0710	710	89138	Bunge Ltd	BG3	2015-07-30	2015-07-30	2015-08-13
T0711	711	89138	Bunge Ltd	BG3	2018-10-31	2018-10-31	2018-11-14
T0712	712	14182	Burlington Stores Inc	BURL	2016-03-03	2016-03-03	2016-03-17
T0714	714	14182	Burlington Stores Inc	BURL	2015-03-17	2015-03-17	2015-03-31
T0728	728	46877	C R Bard Inc	BCR	2016-01-28	2016-01-28	2016-02-11
T0729	729	46877	C R Bard Inc	BCR	2015-01-29	2015-01-29	2015-02-12
T0730	730	14926	CDK Global Inc	CDK	2016-02-03	2016-02-03	2016-02-17
T0731	731	14926	CDK Global Inc	CDK	2015-11-03	2015-11-03	2015-11-17
T0732	732	14926	CDK Global Inc	CDK	2016-05-05	2016-05-05	2016-05-19
T0733	733	14926	CDK Global Inc	CDK	2018-04-26	2018-04-26	2018-05-10
T0734	734	14926	CDK Global Inc	CDK	2015-07-29	2015-07-29	2015-08-12
T0735	735	14926	CDK Global Inc	CDK	2018-01-30	2018-01-30	2018-02-13
T0736	736	13949	CDW Corp	CDW	2018-05-02	2018-05-02	2018-05-16
T0740	740	13949	CDW Corp	CDW	2017-02-07	2017-02-07	2017-02-21
T0743	743	90829	CF Industries Holdings Inc	CFF	2018-11-01	2018-11-01	2018-11-15
T0744	744	90829	CF Industries Holdings Inc	CFF	2018-08-02	2018-08-02	2018-08-16
T0745	745	90829	CF Industries Holdings Inc	CFF	2017-11-02	2017-11-02	2017-11-16
T0746	746	90829	CF Industries Holdings Inc	CFF	2017-08-03	2017-08-03	2017-08-17
T0747	747	90829	CF Industries Holdings Inc	CFF	2018-05-03	2018-05-03	2018-05-17
T0748	748	90829	CF Industries Holdings Inc	CFF	2016-11-03	2016-11-03	2016-11-17
T0749	749	90829	CF Industries Holdings Inc	CFF	2016-08-04	2016-08-04	2016-08-18
T0750	750	90829	CF Industries Holdings Inc	CFF	2016-05-05	2016-05-05	2016-05-19
T0751	751	90829	CF Industries Holdings Inc	CFF	2015-11-05	2015-11-05	2015-11-19
T0752	752	90829	CF Industries Holdings Inc	CFF	2015-08-06	2015-08-06	2015-08-20
T0753	753	90829	CF Industries Holdings Inc	CFF	2015-05-07	2015-05-07	2015-05-21
T0754	754	90829	CF Industries Holdings Inc	CFF	2017-02-16	2017-02-16	2017-03-02
T0755	755	90829	CF Industries Holdings Inc	CFF	2015-02-18	2015-02-18	2015-03-04
T0756	756	93150	CIT Group Inc	CITG	2017-10-24	2017-10-24	2017-11-07
T0757	757	93150	CIT Group Inc	CITG	2017-04-25	2017-04-25	2017-05-09
T0758	758	93150	CIT Group Inc	CITG	2015-01-27	2015-01-27	2015-02-10
T0759	759	93150	CIT Group Inc	CITG	2016-04-28	2016-04-28	2016-05-12
T0760	760	93150	CIT Group Inc	CITG	2015-07-28	2015-07-28	2015-08-11
T0761	761	93150	CIT Group Inc	CITG	2018-01-30	2018-01-30	2018-02-13
T0767	767	68857	Cablevision Systems Corp	CVC	2015-08-07	2015-08-07	2015-08-21
T0768	768	76082	Cabot Oil & Gas Corp	COG1	2016-10-28	2016-10-28	2016-11-11
T0769	769	76082	Cabot Oil & Gas Corp	COG1	2016-07-29	2016-07-29	2016-08-12
T0770	770	16654	Cadence Bancorp	01JE	2018-10-22	2018-10-22	2018-11-05
T0771	771	13267	Caesars Entertainment Corp	RZC	2018-11-01	2018-11-01	2018-11-15
T0774	774	10866	Caleres Inc	BG	2017-05-25	2017-05-25	2017-06-08
T0783	783	92530	Calpine Corp	CALP	2015-02-13	2015-02-13	2015-02-27
T0784	784	81857	Cameron International Corp	CRON	2015-04-23	2015-04-23	2015-05-07
T0785	785	81857	Cameron International Corp	CRON	2015-07-23	2015-07-23	2015-08-06
T0786	786	25320	Campbell Soup Co	CPB	2016-09-01	2016-09-01	2016-09-15
T0787	787	25320	Campbell Soup Co	CPB	2015-09-03	2015-09-03	2015-09-17
T0788	788	25320	Campbell Soup Co	CPB	2017-05-19	2017-05-19	2017-06-02
T0789	789	25320	Campbell Soup Co	CPB	2016-05-20	2016-05-20	2016-06-03
T0790	790	25320	Campbell Soup Co	CPB	2015-05-22	2015-05-22	2015-06-05
T0791	791	25320	Campbell Soup Co	CPB	2015-11-24	2015-11-24	2015-12-08
T0792	792	25320	Campbell Soup Co	CPB	2016-02-25	2016-02-25	2016-03-10
T0793	793	25320	Campbell Soup Co	CPB	2017-08-31	2017-08-31	2017-09-14
T0794	794	81055	Capital One Financial Corp	COF	2018-07-19	2018-07-19	2018-08-02
T0800	800	81055	Capital One Financial Corp	COF	2015-07-23	2015-07-23	2015-08-06
T0806	806	81055	Capital One Financial Corp	COF	2016-04-26	2016-04-26	2016-05-10
T0808	808	21371	Cardinal Health Inc	CDIC	2016-02-01	2016-02-01	2016-02-15
T0809	809	21371	Cardinal Health Inc	CDIC	2017-05-01	2017-05-01	2017-05-15
T0810	810	21371	Cardinal Health Inc	CDIC	2017-08-02	2017-08-02	2017-08-16
T0811	811	21371	Cardinal Health Inc	CDIC	2017-02-07	2017-02-07	2017-02-21
T0812	812	21371	Cardinal Health Inc	CDIC	2016-04-28	2016-04-28	2016-05-12
T0813	813	21371	Cardinal Health Inc	CDIC	2015-01-29	2015-01-29	2015-02-12
T0814	814	21371	Cardinal Health Inc	CDIC	2016-10-31	2016-10-31	2016-11-14
T0818	818	13405	Carlyle Group LP	CGCG	2017-05-03	2017-05-03	2017-05-17
T0819	819	13405	Carlyle Group LP	CGCG	2017-02-08	2017-02-08	2017-02-22
T0820	820	13405	Carlyle Group LP	CGCG	2016-02-10	2016-02-10	2016-02-24
T0821	821	13405	Carlyle Group LP	CGCG	2015-02-11	2015-02-11	2015-02-25
T0822	822	13405	Carlyle Group LP	CGCG	2016-10-26	2016-10-26	2016-11-09
T0823	823	13405	Carlyle Group LP	CGCG	2016-04-27	2016-04-27	2016-05-11
T0824	824	13405	Carlyle Group LP	CGCG	2016-07-27	2016-07-27	2016-08-10
T0825	825	13405	Carlyle Group LP	CGCG	2015-10-28	2015-10-28	2015-11-11
T0826	826	13405	Carlyle Group LP	CGCG	2015-07-29	2015-07-29	2015-08-12
T0827	827	13405	Carlyle Group LP	CGCG	2017-10-31	2017-10-31	2017-11-14
T0828	828	89508	Carmax Inc	KMX	2018-12-21	2018-12-21	2019-01-04
T0832	832	89876	Carter's Inc	CATI	2017-02-23	2017-02-23	2017-03-09
T0833	833	89876	Carter's Inc	CATI	2017-10-26	2017-10-26	2017-11-09
T0839	839	14763	Catalent Inc	CTLT	2017-02-06	2017-02-06	2017-02-20
T0843	843	18542	Caterpillar Inc	CAT	2015-01-27	2015-01-27	2015-02-10
T0844	844	92034	Cavium Inc	CAVM	2017-02-01	2017-02-01	2017-02-15
T0845	845	92034	Cavium Inc	CAVM	2016-11-01	2016-11-01	2016-11-15
T0846	846	92034	Cavium Inc	CAVM	2017-11-01	2017-11-01	2017-11-15
T0847	847	92034	Cavium Inc	CAVM	2017-08-02	2017-08-02	2017-08-16
T0848	848	92034	Cavium Inc	CAVM	2016-07-26	2016-07-26	2016-08-09
T0849	849	92034	Cavium Inc	CAVM	2016-04-27	2016-04-27	2016-05-11
T0850	850	92034	Cavium Inc	CAVM	2015-01-28	2015-01-28	2015-02-11
T0851	851	92034	Cavium Inc	CAVM	2015-10-28	2015-10-28	2015-11-11
T0852	852	92034	Cavium Inc	CAVM	2015-07-29	2015-07-29	2015-08-12
T0853	853	90520	Celanese Corp	CEPU	2017-02-01	2017-02-01	2017-02-15
T0857	857	90520	Celanese Corp	CEPU	2017-10-17	2017-10-17	2017-10-31
T0858	858	90520	Celanese Corp	CEPU	2017-04-18	2017-04-18	2017-05-02
T0859	859	90520	Celanese Corp	CEPU	2016-04-19	2016-04-19	2016-05-03
T0860	860	90520	Celanese Corp	CEPU	2018-10-19	2018-10-19	2018-11-02
T0861	861	90520	Celanese Corp	CEPU	2018-07-20	2018-07-20	2018-08-03
T0863	863	90520	Celanese Corp	CEPU	2016-01-22	2016-01-22	2016-02-05
T0865	865	90520	Celanese Corp	CEPU	2017-07-25	2017-07-25	2017-08-08
T0877	877	89269	Centene Corp	CNTE	2018-10-23	2018-10-23	2018-11-06
T0879	879	89269	Centene Corp	CNTE	2018-07-24	2018-07-24	2018-08-07
T0884	884	60599	CenturyLink Inc	CTL	2015-08-05	2015-08-05	2015-08-19
T0885	885	60599	CenturyLink Inc	CTL	2018-08-08	2018-08-08	2018-08-22
T0886	886	60599	CenturyLink Inc	CTL	2016-02-10	2016-02-10	2016-02-24
T0896	896	83639	Check Point Software Technologies Ltd	CHKP	2018-04-25	2018-04-25	2018-05-09
T0898	898	83639	Check Point Software Technologies Ltd	CHKP	2018-01-31	2018-01-31	2018-02-14
T0909	909	15398	Chemours Co	00Q6	2018-11-02	2018-11-02	2018-11-16
T0911	911	84723	Cheniere Energy Inc	CHEX	2016-11-03	2016-11-03	2016-11-17
T0912	912	84723	Cheniere Energy Inc	CHEX	2018-05-04	2018-05-04	2018-05-18
T0913	913	84723	Cheniere Energy Inc	CHEX	2017-08-08	2017-08-08	2017-08-22
T0914	914	84723	Cheniere Energy Inc	CHEX	2018-08-09	2018-08-09	2018-08-23
T0922	922	85390	Childrens Place Inc	PLCE	2016-03-15	2016-03-15	2016-03-29
T0923	923	85390	Childrens Place Inc	PLCE	2016-08-17	2016-08-17	2016-08-31
T0924	924	85390	Childrens Place Inc	PLCE	2016-05-17	2016-05-17	2016-05-31
T0925	925	85390	Childrens Place Inc	PLCE	2016-11-17	2016-11-17	2016-12-01
T0926	926	85390	Childrens Place Inc	PLCE	2017-05-18	2017-05-18	2017-06-01
T0927	927	85390	Childrens Place Inc	PLCE	2015-08-25	2015-08-25	2015-09-08
T0928	928	93306	China Lodging Group Ltd	HTHT	2017-05-11	2017-05-11	2017-05-25
T0929	929	93306	China Lodging Group Ltd	HTHT	2018-08-23	2018-08-23	2018-09-06
T0935	935	91068	Chipotle Mexican Grill Inc	CMG	2015-07-21	2015-07-21	2015-08-04
T0941	941	85517	Choice Hotels International Inc	CHH2	2016-08-02	2016-08-02	2016-08-16
T0944	944	85517	Choice Hotels International Inc	CHH2	2015-05-06	2015-05-06	2015-05-20
T0947	947	85517	Choice Hotels International Inc	CHH2	2016-10-27	2016-10-27	2016-11-10
T0949	949	79057	Chubb Ltd	ACL1	2017-02-01	2017-02-01	2017-02-15
T0950	950	79057	Chubb Ltd	ACL1	2018-10-24	2018-10-24	2018-11-07
T0951	951	79057	Chubb Ltd	ACL1	2018-04-25	2018-04-25	2018-05-09
T0952	952	79057	Chubb Ltd	ACL1	2018-07-25	2018-07-25	2018-08-08
T0953	953	79057	Chubb Ltd	ACL1	2017-04-26	2017-04-26	2017-05-10
T0954	954	79057	Chubb Ltd	ACL1	2017-07-26	2017-07-26	2017-08-09
T0955	955	79057	Chubb Ltd	ACL1	2016-10-26	2016-10-26	2016-11-09
T0956	956	79057	Chubb Ltd	ACL1	2016-07-27	2016-07-27	2016-08-10
T0957	957	79057	Chubb Ltd	ACL1	2017-10-27	2017-10-27	2017-11-10
T0958	958	79057	Chubb Ltd	ACL1	2018-01-31	2018-01-31	2018-02-14
T0960	960	84519	Ciena Corp	CIEN	2017-06-01	2017-06-01	2017-06-15
T0962	962	84519	Ciena Corp	CIEN	2016-06-02	2016-06-02	2016-06-16
T0963	963	84519	Ciena Corp	CIEN	2016-03-03	2016-03-03	2016-03-17
T0965	965	84519	Ciena Corp	CIEN	2017-12-07	2017-12-07	2017-12-21
T0966	966	84519	Ciena Corp	CIEN	2017-03-08	2017-03-08	2017-03-22
T0968	968	84519	Ciena Corp	CIEN	2018-05-31	2018-05-31	2018-06-14
T0969	969	64186	Cigna Corp	CI	2018-02-01	2018-02-01	2018-02-15
T0974	974	89509	Cimarex Energy Co	XEC	2016-11-03	2016-11-03	2016-11-17
T0975	975	89509	Cimarex Energy Co	XEC	2016-08-04	2016-08-04	2016-08-18
T0976	976	89509	Cimarex Energy Co	XEC	2015-11-04	2015-11-04	2015-11-18
T0977	977	89509	Cimarex Energy Co	XEC	2015-08-05	2015-08-05	2015-08-19
T0978	978	89509	Cimarex Energy Co	XEC	2016-02-17	2016-02-17	2016-03-02
T0979	979	89509	Cimarex Energy Co	XEC	2015-02-18	2015-02-18	2015-03-04
T0989	989	70519	Citigroup Inc	CCC2;CICA	2017-10-12	2017-10-12	2017-10-26
T0991	991	70519	Citigroup Inc	CCC2;CICA	2017-04-13	2017-04-13	2017-04-27
T0993	993	70519	Citigroup Inc	CCC2;CICA	2018-07-13	2018-07-13	2018-07-27
T0994	994	70519	Citigroup Inc	CCC2;CICA	2016-10-14	2016-10-14	2016-10-28
T0995	995	70519	Citigroup Inc	CCC2;CICA	2016-04-15	2016-04-15	2016-04-29
T0996	996	70519	Citigroup Inc	CCC2;CICA	2015-01-15	2015-01-15	2015-01-29
T0997	997	70519	Citigroup Inc	CCC2;CICA	2016-01-15	2016-01-15	2016-01-29
T0998	998	70519	Citigroup Inc	CCC2;CICA	2016-07-15	2016-07-15	2016-07-29
T0999	999	70519	Citigroup Inc	CCC2;CICA	2015-04-16	2015-04-16	2015-04-30
T1000	1000	70519	Citigroup Inc	CCC2;CICA	2018-01-16	2018-01-16	2018-01-30
T1002	1002	82686	Citrix Systems Inc	CTXS	2015-04-22	2015-04-22	2015-05-06
T1003	1003	82686	Citrix Systems Inc	CTXS	2017-01-25	2017-01-25	2017-02-08
T1004	1004	82686	Citrix Systems Inc	CTXS	2017-10-25	2017-10-25	2017-11-08
T1005	1005	82686	Citrix Systems Inc	CTXS	2016-07-26	2016-07-26	2016-08-09
T1006	1006	82686	Citrix Systems Inc	CTXS	2015-01-28	2015-01-28	2015-02-11
T1007	1007	82686	Citrix Systems Inc	CTXS	2015-07-28	2015-07-28	2015-08-11
T1011	1011	27422	Cleveland-Cliffs Inc	CLF	2016-01-27	2016-01-27	2016-02-10
T1013	1013	27422	Cleveland-Cliffs Inc	CLF	2016-04-28	2016-04-28	2016-05-12
T1014	1014	27422	Cleveland-Cliffs Inc	CLF	2016-07-28	2016-07-28	2016-08-11
T1015	1015	27422	Cleveland-Cliffs Inc	CLF	2015-04-29	2015-04-29	2015-05-13
T1016	1016	93095	Cloud Peak Energy Inc	CLDD	2015-10-27	2015-10-27	2015-11-10
T1018	1018	16657	Cloudera Inc	01KJ	2017-09-07	2017-09-07	2017-09-21
T1038	1038	86158	Cognizant Technology Solutions Corp	CTSH	2018-10-30	2018-10-30	2018-11-13
T1053	1053	85863	Columbia Sportswear Co	COL1	2016-02-11	2016-02-11	2016-02-25
T1055	1055	85863	Columbia Sportswear Co	COL1	2017-04-27	2017-04-27	2017-05-11
T1056	1056	85863	Columbia Sportswear Co	COL1	2016-04-28	2016-04-28	2016-05-12
T1057	1057	85863	Columbia Sportswear Co	COL1	2016-07-28	2016-07-28	2016-08-11
T1058	1058	85863	Columbia Sportswear Co	COL1	2015-10-29	2015-10-29	2015-11-12
T1060	1060	89525	Comcast Corp	CMCS	2015-07-23	2015-07-23	2015-08-06
T1061	1061	89525	Comcast Corp	CMCS	2015-02-24	2015-02-24	2015-03-10
T1062	1062	89525	Comcast Corp	CMCS	2016-10-26	2016-10-26	2016-11-09
T1063	1063	89525	Comcast Corp	CMCS	2017-10-26	2017-10-26	2017-11-09
T1064	1064	89525	Comcast Corp	CMCS	2016-04-27	2016-04-27	2016-05-11
T1066	1066	89525	Comcast Corp	CMCS	2016-07-27	2016-07-27	2016-08-10
T1067	1067	89525	Comcast Corp	CMCS	2017-07-27	2017-07-27	2017-08-10
T1068	1068	89525	Comcast Corp	CMCS	2015-10-27	2015-10-27	2015-11-10
T1069	1069	25081	Comerica Inc	CMCA	2015-01-16	2015-01-16	2015-01-30
T1070	1070	25081	Comerica Inc	CMCA	2018-01-16	2018-01-16	2018-01-30
T1071	1071	25081	Comerica Inc	CMCA	2018-10-16	2018-10-16	2018-10-30
T1073	1073	25081	Comerica Inc	CMCA	2018-04-17	2018-04-17	2018-05-01
T1074	1074	25081	Comerica Inc	CMCA	2017-01-17	2017-01-17	2017-01-31
T1076	1076	25081	Comerica Inc	CMCA	2018-07-17	2018-07-17	2018-07-31
T1077	1077	25081	Comerica Inc	CMCA	2017-04-18	2017-04-18	2017-05-02
T1078	1078	25081	Comerica Inc	CMCA	2016-10-18	2016-10-18	2016-11-01
T1079	1079	25081	Comerica Inc	CMCA	2016-04-19	2016-04-19	2016-05-03
T1080	1080	25081	Comerica Inc	CMCA	2016-01-19	2016-01-19	2016-02-02
T1081	1081	14239	CommScope Holding Company Inc	MMOC	2017-11-01	2017-11-01	2017-11-15
T1082	1082	14239	CommScope Holding Company Inc	MMOC	2016-11-03	2016-11-03	2016-11-17
T1083	1083	14239	CommScope Holding Company Inc	MMOC	2018-02-15	2018-02-15	2018-03-01
T1084	1084	14239	CommScope Holding Company Inc	MMOC	2017-02-23	2017-02-23	2017-03-09
T1085	1085	14239	CommScope Holding Company Inc	MMOC	2018-07-31	2018-07-31	2018-08-14
T1086	1086	30680	Commercial Metals Co	CMC	2017-06-22	2017-06-22	2017-07-06
T1087	1087	30680	Commercial Metals Co	CMC	2017-03-23	2017-03-23	2017-04-06
T1092	1092	56274	Conagra Brands Inc	CAG	2015-12-22	2015-12-22	2016-01-05
T1093	1093	56274	Conagra Brands Inc	CAG	2016-12-22	2016-12-22	2017-01-05
T1095	1095	56274	Conagra Brands Inc	CAG	2017-03-23	2017-03-23	2017-04-06
T1096	1096	56274	Conagra Brands Inc	CAG	2017-09-28	2017-09-28	2017-10-12
T1097	1097	92239	Concho Resources Inc	CXO	2016-08-03	2016-08-03	2016-08-17
T1098	1098	92239	Concho Resources Inc	CXO	2016-11-09	2016-11-09	2016-11-23
T1100	1100	16497	Conduent Inc	CNDT	2018-08-08	2018-08-08	2018-08-22
T1101	1101	16497	Conduent Inc	CNDT	2017-08-09	2017-08-09	2017-08-23
T1106	1106	13928	ConocoPhillips	P	2018-10-25	2018-10-25	2018-11-08
T1112	1112	91983	Continental Resources Inc	CLRS	2016-05-05	2016-05-05	2016-05-19
T1114	1114	91983	Continental Resources Inc	CLRS	2015-05-07	2015-05-07	2015-05-21
T1115	1115	91065	Copa Holdings SA	CAH	2016-05-06	2016-05-06	2016-05-20
T1116	1116	91065	Copa Holdings SA	CAH	2018-11-15	2018-11-15	2018-11-29
T1117	1117	91065	Copa Holdings SA	CAH	2016-02-18	2016-02-18	2016-03-03
T1118	1118	82656	Core Laboratories NV	CRLB	2017-04-20	2017-04-20	2017-05-04
T1120	1120	82656	Core Laboratories NV	CRLB	2017-01-26	2017-01-26	2017-02-09
T1121	1121	82656	Core Laboratories NV	CRLB	2016-01-28	2016-01-28	2016-02-11
T1122	1122	82656	Core Laboratories NV	CRLB	2015-01-29	2015-01-29	2015-02-12
T1123	1123	22293	Corning Inc	GLW	2018-10-23	2018-10-23	2018-11-06
T1124	1124	22293	Corning Inc	GLW	2018-04-24	2018-04-24	2018-05-08
T1125	1125	22293	Corning Inc	GLW	2018-01-30	2018-01-30	2018-02-13
T1126	1126	12391	Costamare Inc	CREM	2015-07-22	2015-07-22	2015-08-05
T1128	1128	12391	Costamare Inc	CREM	2018-07-25	2018-07-25	2018-08-08
T1129	1129	12391	Costamare Inc	CREM	2016-10-25	2016-10-25	2016-11-08
T1130	1130	12391	Costamare Inc	CREM	2017-10-25	2017-10-25	2017-11-08
T1131	1131	12391	Costamare Inc	CREM	2018-10-25	2018-10-25	2018-11-08
T1132	1132	12391	Costamare Inc	CREM	2017-04-28	2017-04-28	2017-05-12
T1133	1133	12391	Costamare Inc	CREM	2016-01-28	2016-01-28	2016-02-11
T1134	1134	12391	Costamare Inc	CREM	2016-07-28	2016-07-28	2016-08-11
T1135	1135	12391	Costamare Inc	CREM	2015-04-29	2015-04-29	2015-05-13
T1136	1136	87055	Costco Wholesale Corp	CCS1	2015-03-05	2015-03-05	2015-03-19
T1150	1150	13983	Coty Inc	COTY	2017-08-22	2017-08-22	2017-09-05
T1156	1156	14240	Criteo SA	CRTO	2016-11-02	2016-11-02	2016-11-16
T1157	1157	14240	Criteo SA	CRTO	2016-08-03	2016-08-03	2016-08-17
T1158	1158	14240	Criteo SA	CRTO	2016-05-04	2016-05-04	2016-05-18
T1159	1159	86339	Crown Castle International Corp	TWRS	2017-07-19	2017-07-19	2017-08-02
T1160	1160	86339	Crown Castle International Corp	TWRS	2015-01-22	2015-01-22	2015-02-05
T1161	1161	86339	Crown Castle International Corp	TWRS	2015-10-22	2015-10-22	2015-11-05
T1162	1162	86339	Crown Castle International Corp	TWRS	2015-04-23	2015-04-23	2015-05-07
T1163	1163	86339	Crown Castle International Corp	TWRS	2015-07-23	2015-07-23	2015-08-06
T1164	1164	86339	Crown Castle International Corp	TWRS	2018-01-25	2018-01-25	2018-02-08
T1165	1165	27888	Cullen/Frost Bankers Inc	CFBI	2015-01-28	2015-01-28	2015-02-11
T1168	1168	41080	Cummins Inc	CUM	2015-04-28	2015-04-28	2015-05-12
T1169	1169	14928	Cyberark Software Ltd	00BG	2018-11-07	2018-11-07	2018-11-21
T1170	1170	14928	Cyberark Software Ltd	00BG	2017-05-11	2017-05-11	2017-05-25
T1171	1171	10302	Cypress Semiconductor Corp	CYPR	2018-02-01	2018-02-01	2018-02-15
T1179	1179	10302	Cypress Semiconductor Corp	CYPR	2016-01-28	2016-01-28	2016-02-11
T1180	1180	13752	CyrusOne Inc	CONZ	2016-08-02	2016-08-02	2016-08-16
T1181	1181	90943	DHT Holdings Inc	DHT	2016-11-02	2016-11-02	2016-11-16
T1182	1182	90943	DHT Holdings Inc	DHT	2016-05-03	2016-05-03	2016-05-17
T1183	1183	90943	DHT Holdings Inc	DHT	2016-02-04	2016-02-04	2016-02-18
T1184	1184	90943	DHT Holdings Inc	DHT	2015-11-04	2015-11-04	2015-11-18
T1186	1186	90943	DHT Holdings Inc	DHT	2017-11-14	2017-11-14	2017-11-28
T1187	1187	90943	DHT Holdings Inc	DHT	2017-01-31	2017-01-31	2017-02-14
T1188	1188	90751	DSW Inc	DSW	2015-03-17	2015-03-17	2015-03-31
T1189	1189	90751	DSW Inc	DSW	2017-05-23	2017-05-23	2017-06-06
T1190	1190	90751	DSW Inc	DSW	2016-05-24	2016-05-24	2016-06-07
T1191	1191	90751	DSW Inc	DSW	2016-08-30	2016-08-30	2016-09-13
T1192	1192	49680	Danaher Corp	DMG	2016-10-20	2016-10-20	2016-11-03
T1193	1193	49680	Danaher Corp	DMG	2016-04-21	2016-04-21	2016-05-05
T1195	1195	49680	Danaher Corp	DMG	2016-07-25	2016-07-25	2016-08-08
T1196	1196	12325	Daqo New Energy Corp	DQ	2016-08-09	2016-08-09	2016-08-23
T1197	1197	12325	Daqo New Energy Corp	DQ	2016-05-10	2016-05-10	2016-05-24
T1199	1199	81655	Darden Restaurants Inc	DRI	2016-04-05	2016-04-05	2016-04-19
T1201	1201	81655	Darden Restaurants Inc	DRI	2018-12-18	2018-12-18	2019-01-01
T1202	1202	81655	Darden Restaurants Inc	DRI	2017-12-19	2017-12-19	2018-01-02
T1204	1204	81655	Darden Restaurants Inc	DRI	2018-09-20	2018-09-20	2018-10-04
T1205	1205	81655	Darden Restaurants Inc	DRI	2018-06-21	2018-06-21	2018-07-05
T1206	1206	81655	Darden Restaurants Inc	DRI	2018-03-22	2018-03-22	2018-04-05
T1211	1211	83421	Dean Foods Co	SWZA	2016-11-07	2016-11-07	2016-11-21
T1212	1212	83421	Dean Foods Co	SWZA	2017-08-08	2017-08-08	2017-08-22
T1213	1213	83421	Dean Foods Co	SWZA	2017-05-09	2017-05-09	2017-05-23
T1214	1214	83421	Dean Foods Co	SWZA	2016-05-10	2016-05-10	2016-05-24
T1215	1215	83421	Dean Foods Co	SWZA	2015-05-11	2015-05-11	2015-05-25
T1217	1217	79686	Deckers Outdoor Corp	DECK	2016-07-28	2016-07-28	2016-08-11
T1218	1218	19350	Deere & Co	DE	2018-05-18	2018-05-18	2018-06-01
T1219	1219	19350	Deere & Co	DE	2016-02-19	2016-02-19	2016-03-04
T1222	1222	19350	Deere & Co	DE	2018-11-21	2018-11-21	2018-12-05
T1223	1223	19350	Deere & Co	DE	2015-05-22	2015-05-22	2015-06-05
T1224	1224	19350	Deere & Co	DE	2015-11-25	2015-11-25	2015-12-09
T1225	1225	17040	Delphi Technologies PLC	DLPHW	2018-11-07	2018-11-07	2018-11-21
T1226	1226	17040	Delphi Technologies PLC	DLPHW	2018-08-08	2018-08-08	2018-08-22
T1242	1242	11600	Dentsply Sirona Inc	XRAY	2017-05-09	2017-05-09	2017-05-23
T1245	1245	11600	Dentsply Sirona Inc	XRAY	2015-10-28	2015-10-28	2015-11-11
T1246	1246	11600	Dentsply Sirona Inc	XRAY	2015-07-30	2015-07-30	2015-08-13
T1247	1247	16963	Despegar.com Corp	DESP	2018-08-16	2018-08-16	2018-08-30
T1248	1248	87137	Devon Energy Corp	DVN	2016-05-04	2016-05-04	2016-05-18
T1249	1249	87137	Devon Energy Corp	DVN	2015-11-04	2015-11-04	2015-11-18
T1250	1250	87137	Devon Energy Corp	DVN	2015-05-06	2015-05-06	2015-05-20
T1258	1258	90680	DiamondRock Hospitality Co	DRH	2016-08-05	2016-08-05	2016-08-19
T1259	1259	90680	DiamondRock Hospitality Co	DRH	2016-05-06	2016-05-06	2016-05-20
T1261	1261	13641	Diamondback Energy Inc	FANG	2016-11-08	2016-11-08	2016-11-22
T1262	1262	13641	Diamondback Energy Inc	FANG	2017-02-15	2017-02-15	2017-03-01
T1264	1264	90630	Diana Shipping Inc	DSXX	2015-05-13	2015-05-13	2015-05-27
T1268	1268	89540	Dick's Sporting Goods Inc	DKS	2018-03-13	2018-03-13	2018-03-27
T1269	1269	89540	Dick's Sporting Goods Inc	DKS	2017-11-14	2017-11-14	2017-11-28
T1273	1273	89540	Dick's Sporting Goods Inc	DKS	2016-05-19	2016-05-19	2016-06-02
T1274	1274	89540	Dick's Sporting Goods Inc	DKS	2018-11-28	2018-11-28	2018-12-12
T1276	1276	92924	DigitalGlobe Inc	DGI	2016-02-25	2016-02-25	2016-03-10
T1277	1277	92924	DigitalGlobe Inc	DGI	2015-02-26	2015-02-26	2015-03-12
T1278	1278	92924	DigitalGlobe Inc	DGI	2016-04-27	2016-04-27	2016-05-11
T1279	1279	92924	DigitalGlobe Inc	DGI	2015-10-29	2015-10-29	2015-11-12
T1280	1280	92924	DigitalGlobe Inc	DGI	2015-04-30	2015-04-30	2015-05-14
T1281	1281	92924	DigitalGlobe Inc	DGI	2015-07-30	2015-07-30	2015-08-13
T1285	1285	14954	Diplomat Pharmacy Inc	DPLO	2015-05-11	2015-05-11	2015-05-25
T1287	1287	92121	Discover Financial Services	DFSV	2015-10-20	2015-10-20	2015-11-03
T1289	1289	92121	Discover Financial Services	DFSV	2015-07-22	2015-07-22	2015-08-05
T1290	1290	92121	Discover Financial Services	DFSV	2017-01-24	2017-01-24	2017-02-07
T1291	1291	92121	Discover Financial Services	DFSV	2018-01-24	2018-01-24	2018-02-07
T1293	1293	92121	Discover Financial Services	DFSV	2017-04-25	2017-04-25	2017-05-09
T1298	1298	92121	Discover Financial Services	DFSV	2016-01-27	2016-01-27	2016-02-10
T1300	1300	93096	Dollar General Corp	DOLR	2016-12-01	2016-12-01	2016-12-15
T1302	1302	93096	Dollar General Corp	DOLR	2018-12-04	2018-12-04	2018-12-18
T1303	1303	93096	Dollar General Corp	DOLR	2016-03-10	2016-03-10	2016-03-24
T1304	1304	93096	Dollar General Corp	DOLR	2017-03-16	2017-03-16	2017-03-30
T1307	1307	93096	Dollar General Corp	DOLR	2015-08-27	2015-08-27	2015-09-10
T1308	1308	93096	Dollar General Corp	DOLR	2018-08-30	2018-08-30	2018-09-13
T1309	1309	93096	Dollar General Corp	DOLR	2018-05-31	2018-05-31	2018-06-14
T1311	1311	81481	Dollar Tree Inc	DLTR	2017-05-25	2017-05-25	2017-06-08
T1312	1312	81481	Dollar Tree Inc	DLTR	2018-08-30	2018-08-30	2018-09-13
T1313	1313	64936	Dominion Energy Inc	D	2016-02-01	2016-02-01	2016-02-15
T1315	1315	90248	Domino's Pizza Inc	DMPI	2015-10-08	2015-10-08	2015-10-22
T1316	1316	90248	Domino's Pizza Inc	DMPI	2017-10-12	2017-10-12	2017-10-26
T1318	1318	90248	Domino's Pizza Inc	DMPI	2018-10-16	2018-10-16	2018-10-30
T1319	1319	90248	Domino's Pizza Inc	DMPI	2016-10-18	2016-10-18	2016-11-01
T1320	1320	90248	Domino's Pizza Inc	DMPI	2018-07-19	2018-07-19	2018-08-02
T1322	1322	90248	Domino's Pizza Inc	DMPI	2016-07-21	2016-07-21	2016-08-04
T1323	1323	90248	Domino's Pizza Inc	DMPI	2015-04-23	2015-04-23	2015-05-07
T1332	1332	25953	Dover Corp	DOV	2017-10-19	2017-10-19	2017-11-02
T1333	1333	25953	Dover Corp	DOV	2017-04-20	2017-04-20	2017-05-04
T1334	1334	25953	Dover Corp	DOV	2017-07-20	2017-07-20	2017-08-03
T1337	1337	25953	Dover Corp	DOV	2016-04-21	2016-04-21	2016-05-05
T1340	1340	25953	Dover Corp	DOV	2016-01-26	2016-01-26	2016-02-09
T1342	1342	20626	Dow Chemical Co	DOW	2016-02-02	2016-02-02	2016-02-16
T1343	1343	20626	Dow Chemical Co	DOW	2015-10-22	2015-10-22	2015-11-05
T1344	1344	20626	Dow Chemical Co	DOW	2015-04-23	2015-04-23	2015-05-07
T1345	1345	20626	Dow Chemical Co	DOW	2015-07-23	2015-07-23	2015-08-06
T1346	1346	20626	Dow Chemical Co	DOW	2016-10-27	2016-10-27	2016-11-10
T1347	1347	20626	Dow Chemical Co	DOW	2016-04-28	2016-04-28	2016-05-12
T1348	1348	16851	DowDuPont Inc	DWDP	2018-02-01	2018-02-01	2018-02-15
T1349	1349	16851	DowDuPont Inc	DWDP	2018-08-02	2018-08-02	2018-08-16
T1350	1350	16851	DowDuPont Inc	DWDP	2018-05-03	2018-05-03	2018-05-17
T1351	1351	92618	Dr Pepper Snapple Group Inc	DPSG	2017-04-26	2017-04-26	2017-05-10
T1352	1352	92618	Dr Pepper Snapple Group Inc	DPSG	2016-10-27	2016-10-27	2016-11-10
T1354	1354	75341	Duke Realty Corp	DRE	2015-07-30	2015-07-30	2015-08-13
T1355	1355	12914	Dunkin' Brands Group Inc	DNKN	2016-02-04	2016-02-04	2016-02-18
T1356	1356	12914	Dunkin' Brands Group Inc	DNKN	2017-05-04	2017-05-04	2017-05-18
T1359	1359	12914	Dunkin' Brands Group Inc	DNKN	2016-07-21	2016-07-21	2016-08-04
T1360	1360	12914	Dunkin' Brands Group Inc	DNKN	2015-10-22	2015-10-22	2015-11-05
T1361	1361	12914	Dunkin' Brands Group Inc	DNKN	2015-04-23	2015-04-23	2015-05-07
T1362	1362	12914	Dunkin' Brands Group Inc	DNKN	2018-10-25	2018-10-25	2018-11-08
T1366	1366	14308	Dynagas LNG Partners LP	DLNG	2016-11-15	2016-11-15	2016-11-29
T1367	1367	14308	Dynagas LNG Partners LP	DLNG	2015-02-18	2015-02-18	2015-03-04
T1368	1368	14308	Dynagas LNG Partners LP	DLNG	2016-05-18	2016-05-18	2016-06-01
T1369	1369	14308	Dynagas LNG Partners LP	DLNG	2015-08-26	2015-08-26	2015-09-09
T1370	1370	14308	Dynagas LNG Partners LP	DLNG	2016-07-29	2016-07-29	2016-08-12
T1373	1373	75825	EOG Resources Inc	EOG	2015-11-06	2015-11-06	2015-11-20
T1374	1374	24328	EQT Corp	EQT	2017-02-02	2017-02-02	2017-02-16
T1379	1379	24328	EQT Corp	EQT	2015-07-23	2015-07-23	2015-08-06
T1380	1380	13432	EQT Midstream Partners LP	EQMZ	2018-04-26	2018-04-26	2018-05-10
T1381	1381	86719	East West Bancorp Inc	EWBC	2017-04-20	2017-04-20	2017-05-04
T1385	1385	85082	Eastgroup Properties Inc	EGP	2015-04-17	2015-04-17	2015-05-01
T1386	1386	85082	Eastgroup Properties Inc	EGP	2015-07-17	2015-07-17	2015-07-31
T1387	1387	80080	Eastman Chemical Co	EMN	2015-05-01	2015-05-01	2015-05-15
T1388	1388	80080	Eastman Chemical Co	EMN	2018-02-02	2018-02-02	2018-02-16
T1391	1391	80080	Eastman Chemical Co	EMN	2017-01-27	2017-01-27	2017-02-10
T1394	1394	80080	Eastman Chemical Co	EMN	2017-04-28	2017-04-28	2017-05-12
T1395	1395	80080	Eastman Chemical Co	EMN	2015-07-28	2015-07-28	2015-08-11
T1396	1396	80080	Eastman Chemical Co	EMN	2017-07-28	2017-07-28	2017-08-11
T1397	1397	80080	Eastman Chemical Co	EMN	2016-10-28	2016-10-28	2016-11-11
T1398	1398	80080	Eastman Chemical Co	EMN	2016-04-29	2016-04-29	2016-05-13
T1399	1399	80080	Eastman Chemical Co	EMN	2016-01-29	2016-01-29	2016-02-12
T1400	1400	80080	Eastman Chemical Co	EMN	2016-07-29	2016-07-29	2016-08-12
T1401	1401	80080	Eastman Chemical Co	EMN	2015-01-30	2015-01-30	2015-02-13
T1402	1402	80080	Eastman Chemical Co	EMN	2015-10-30	2015-10-30	2015-11-13
T1403	1403	11762	Eaton Corporation PLC	ETN	2016-11-01	2016-11-01	2016-11-15
T1404	1404	11762	Eaton Corporation PLC	ETN	2017-02-02	2017-02-02	2017-02-16
T1407	1407	11762	Eaton Corporation PLC	ETN	2016-02-03	2016-02-03	2016-02-17
T1411	1411	11762	Eaton Corporation PLC	ETN	2018-10-30	2018-10-30	2018-11-13
T1412	1412	93079	Echo Global Logistics Inc	ECHO	2017-10-25	2017-10-25	2017-11-08
T1413	1413	93079	Echo Global Logistics Inc	ECHO	2016-04-27	2016-04-27	2016-05-11
T1414	1414	93079	Echo Global Logistics Inc	ECHO	2016-07-27	2016-07-27	2016-08-10
T1415	1415	70578	Ecolab Inc	ECON	2018-05-01	2018-05-01	2018-05-15
T1416	1416	70578	Ecolab Inc	ECON	2018-10-30	2018-10-30	2018-11-13
T1417	1417	70578	Ecolab Inc	ECON	2018-07-31	2018-07-31	2018-08-14
T1418	1418	70578	Ecolab Inc	ECON	2017-10-31	2017-10-31	2017-11-14
T1421	1421	87657	Edwards Lifesciences Corp	EW	2016-02-02	2016-02-02	2016-02-16
T1425	1425	87657	Edwards Lifesciences Corp	EW	2016-04-26	2016-04-26	2016-05-10
T1429	1429	87657	Edwards Lifesciences Corp	EW	2015-10-26	2015-10-26	2015-11-09
T1434	1434	75828	Electronic Arts Inc	ERTS	2016-11-01	2016-11-01	2016-11-15
T1436	1436	75828	Electronic Arts Inc	ERTS	2018-01-30	2018-01-30	2018-02-13
T1440	1440	50876	Eli Lilly and Co	LLY	2018-04-24	2018-04-24	2018-05-08
T1445	1445	50876	Eli Lilly and Co	LLY	2016-04-26	2016-04-26	2016-05-10
T1446	1446	50876	Eli Lilly and Co	LLY	2016-07-26	2016-07-26	2016-08-09
T1447	1447	50876	Eli Lilly and Co	LLY	2016-01-28	2016-01-28	2016-02-11
T1448	1448	50876	Eli Lilly and Co	LLY	2015-01-30	2015-01-30	2015-02-13
T1449	1449	50876	Eli Lilly and Co	LLY	2017-01-31	2017-01-31	2017-02-14
T1451	1451	12645	Ellie Mae Inc	ELLI	2017-02-09	2017-02-09	2017-02-23
T1452	1452	12645	Ellie Mae Inc	ELLI	2018-10-25	2018-10-25	2018-11-08
T1453	1453	12645	Ellie Mae Inc	ELLI	2018-07-26	2018-07-26	2018-08-09
T1454	1454	12645	Ellie Mae Inc	ELLI	2017-10-26	2017-10-26	2017-11-09
T1456	1456	22103	Emerson Electric Co	EMR	2016-08-02	2016-08-02	2016-08-16
T1457	1457	22103	Emerson Electric Co	EMR	2015-02-03	2015-02-03	2015-02-17
T1463	1463	89134	Encana Corp	PCP1	2018-05-01	2018-05-01	2018-05-15
T1464	1464	89134	Encana Corp	PCP1	2018-02-15	2018-02-15	2018-03-01
T1466	1466	88436	Endo International PLC	ENDP	2018-11-08	2018-11-08	2018-11-22
T1467	1467	88436	Endo International PLC	ENDP	2017-11-09	2017-11-09	2017-11-23
T1468	1468	88436	Endo International PLC	ENDP	2015-05-11	2015-05-11	2015-05-25
T1469	1469	88436	Endo International PLC	ENDP	2018-02-27	2018-02-27	2018-03-13
T1471	1471	14244	Endurance International Group Holdings Inc	EIGI	2017-08-01	2017-08-01	2017-08-15
T1472	1472	14244	Endurance International Group Holdings Inc	EIGI	2016-11-01	2016-11-01	2016-11-15
T1473	1473	14244	Endurance International Group Holdings Inc	EIGI	2017-05-02	2017-05-02	2017-05-16
T1474	1474	14244	Endurance International Group Holdings Inc	EIGI	2018-02-13	2018-02-13	2018-02-27
T1475	1475	14244	Endurance International Group Holdings Inc	EIGI	2017-02-16	2017-02-16	2017-03-02
T1476	1476	14244	Endurance International Group Holdings Inc	EIGI	2018-07-26	2018-07-26	2018-08-09
T1477	1477	26470	Energen Corp	EGN	2016-11-04	2016-11-04	2016-11-18
T1478	1478	26470	Energen Corp	EGN	2015-05-07	2015-05-07	2015-05-21
T1482	1482	91111	Energy Transfer Equity LP	ETL	2017-11-08	2017-11-08	2017-11-22
T1483	1483	84400	Energy Transfer LP	HPP	2015-02-19	2015-02-19	2015-03-05
T1484	1484	24010	Entergy Corp	MSU	2015-02-05	2015-02-05	2015-02-19
T1485	1485	86223	Enterprise Products Partners LP	EPD	2018-01-31	2018-01-31	2018-02-14
T1487	1487	14065	Envision Healthcare Corp	EVHC	2016-08-03	2016-08-03	2016-08-17
T1488	1488	14065	Envision Healthcare Corp	EVHC	2015-10-22	2015-10-22	2015-11-05
T1489	1489	14065	Envision Healthcare Corp	EVHC	2015-04-30	2015-04-30	2015-05-14
T1490	1490	14065	Envision Healthcare Corp	EVHC	2015-07-30	2015-07-30	2015-08-13
T1493	1493	52476	Equifax Inc	EFX	2018-10-25	2018-10-25	2018-11-08
T1500	1500	82642	Estee Lauder Companies Inc	EL	2017-11-01	2017-11-01	2017-11-15
T1509	1509	82642	Estee Lauder Companies Inc	EL	2018-10-31	2018-10-31	2018-11-14
T1511	1511	15291	Etsy Inc	ETSY	2016-02-23	2016-02-23	2016-03-08
T1512	1512	15169	Euronav NV	00I2	2018-08-09	2018-08-09	2018-08-23
T1513	1513	15169	Euronav NV	00I2	2018-04-25	2018-04-25	2018-05-09
T1514	1514	15169	Euronav NV	00I2	2018-01-25	2018-01-25	2018-02-08
T1515	1515	15169	Euronav NV	00I2	2017-04-26	2017-04-26	2017-05-10
T1516	1516	15169	Euronav NV	00I2	2016-07-28	2016-07-28	2016-08-11
T1517	1517	15169	Euronav NV	00I2	2016-10-31	2016-10-31	2016-11-14
T1518	1518	15169	Euronav NV	00I2	2017-10-31	2017-10-31	2017-11-14
T1519	1519	13837	Evertec Inc	EVRC	2018-07-31	2018-07-31	2018-08-14
T1520	1520	15271	Exela Technologies Inc	XELA	2018-11-08	2018-11-08	2018-11-22
T1521	1521	88159	Exelixis Inc	EXEL	2018-11-01	2018-11-01	2018-11-15
T1522	1522	21776	Exelon Corp	PE	2017-05-03	2017-05-03	2017-05-17
T1523	1523	21776	Exelon Corp	PE	2016-05-06	2016-05-06	2016-05-20
T1524	1524	90808	Expedia Group Inc	EXPE	2018-02-08	2018-02-08	2018-02-22
T1528	1528	93373	Express Inc	EXPR	2016-03-09	2016-03-09	2016-03-23
T1530	1530	93373	Express Inc	EXPR	2015-08-26	2015-08-26	2015-09-09
T1531	1531	93373	Express Inc	EXPR	2015-05-28	2015-05-28	2015-06-11
T1532	1532	77668	Express Scripts Holding Co	ESRX	2017-02-15	2017-02-15	2017-03-01
T1533	1533	77668	Express Scripts Holding Co	ESRX	2016-02-17	2016-02-17	2016-03-02
T1534	1534	77668	Express Scripts Holding Co	ESRX	2015-02-24	2015-02-24	2015-03-10
T1535	1535	77668	Express Scripts Holding Co	ESRX	2017-04-25	2017-04-25	2017-05-09
T1536	1536	77668	Express Scripts Holding Co	ESRX	2015-04-29	2015-04-29	2015-05-13
T1537	1537	77668	Express Scripts Holding Co	ESRX	2015-07-29	2015-07-29	2015-08-12
T1540	1540	14279	Extended Stay America Inc	ESAI	2016-10-25	2016-10-25	2016-11-08
T1541	1541	14279	Extended Stay America Inc	ESAI	2018-07-26	2018-07-26	2018-08-09
T1543	1543	14279	Extended Stay America Inc	ESAI	2016-07-28	2016-07-28	2016-08-11
T1544	1544	11850	Exxon Mobil Corp	XON	2015-07-31	2015-07-31	2015-08-14
T1545	1545	86964	F5 Networks Inc	FFIV	2016-01-20	2016-01-20	2016-02-03
T1546	1546	86964	F5 Networks Inc	FFIV	2015-01-21	2015-01-21	2015-02-04
T1547	1547	86964	F5 Networks Inc	FFIV	2018-01-24	2018-01-24	2018-02-07
T1548	1548	13407	Facebook Inc	FBK	2017-02-01	2017-02-01	2017-02-15
T1549	1549	13407	Facebook Inc	FBK	2017-11-01	2017-11-01	2017-11-15
T1550	1550	13407	Facebook Inc	FBK	2016-11-02	2016-11-02	2016-11-16
T1551	1551	13407	Facebook Inc	FBK	2017-05-03	2017-05-03	2017-05-17
T1552	1552	13407	Facebook Inc	FBK	2015-11-04	2015-11-04	2015-11-18
T1553	1553	13407	Facebook Inc	FBK	2015-04-22	2015-04-22	2015-05-06
T1554	1554	13407	Facebook Inc	FBK	2018-07-25	2018-07-25	2018-08-08
T1555	1555	13407	Facebook Inc	FBK	2016-04-27	2016-04-27	2016-05-11
T1556	1556	13407	Facebook Inc	FBK	2016-01-27	2016-01-27	2016-02-10
T1557	1557	13407	Facebook Inc	FBK	2016-07-27	2016-07-27	2016-08-10
T1558	1558	13407	Facebook Inc	FBK	2015-01-28	2015-01-28	2015-02-11
T1559	1559	13407	Facebook Inc	FBK	2015-07-29	2015-07-29	2015-08-12
T1560	1560	13407	Facebook Inc	FBK	2018-10-30	2018-10-30	2018-11-13
T1561	1561	13407	Facebook Inc	FBK	2018-01-31	2018-01-31	2018-02-14
T1562	1562	87139	Fairchild Semiconductor International Inc	FSC	2015-10-15	2015-10-15	2015-10-29
T1563	1563	87139	Fairchild Semiconductor International Inc	FSC	2015-07-16	2015-07-16	2015-07-30
T1567	1567	34746	Fifth Third Bancorp	FITB	2018-10-23	2018-10-23	2018-11-06
T1568	1568	34746	Fifth Third Bancorp	FITB	2018-04-24	2018-04-24	2018-05-08
T1569	1569	34746	Fifth Third Bancorp	FITB	2017-01-24	2017-01-24	2017-02-07
T1570	1570	34746	Fifth Third Bancorp	FITB	2017-10-24	2017-10-24	2017-11-07
T1571	1571	77669	Finish Line Inc	FINL	2016-01-07	2016-01-07	2016-01-21
T1572	1572	77669	Finish Line Inc	FINL	2016-09-23	2016-09-23	2016-10-07
T1573	1573	77669	Finish Line Inc	FINL	2016-06-24	2016-06-24	2016-07-08
T1574	1574	77669	Finish Line Inc	FINL	2016-03-24	2016-03-24	2016-04-07
T1576	1576	14159	FireEye Inc	FEYE	2017-02-02	2017-02-02	2017-02-16
T1577	1577	14159	FireEye Inc	FEYE	2018-05-02	2018-05-02	2018-05-16
T1578	1578	14159	FireEye Inc	FEYE	2016-08-04	2016-08-04	2016-08-18
T1579	1579	14159	FireEye Inc	FEYE	2016-05-05	2016-05-05	2016-05-19
T1580	1580	14159	FireEye Inc	FEYE	2018-02-08	2018-02-08	2018-02-22
T1581	1581	14159	FireEye Inc	FEYE	2015-02-11	2015-02-11	2015-02-25
T1582	1582	14159	FireEye Inc	FEYE	2015-04-30	2015-04-30	2015-05-14
T1583	1583	23026	FirstEnergy Corp	OEC	2015-05-01	2015-05-01	2015-05-15
T1584	1584	23026	FirstEnergy Corp	OEC	2015-02-18	2015-02-18	2015-03-04
T1585	1585	15390	Fitbit Inc	00PK	2018-08-01	2018-08-01	2018-08-15
T1586	1586	15390	Fitbit Inc	00PK	2018-05-02	2018-05-02	2018-05-16
T1587	1587	15390	Fitbit Inc	00PK	2015-11-02	2015-11-02	2015-11-16
T1588	1588	15390	Fitbit Inc	00PK	2016-02-22	2016-02-22	2016-03-07
T1589	1589	15390	Fitbit Inc	00PK	2017-02-22	2017-02-22	2017-03-08
T1590	1590	15390	Fitbit Inc	00PK	2018-10-31	2018-10-31	2018-11-14
T1591	1591	13527	Five Below Inc	FWIN	2017-06-01	2017-06-01	2017-06-15
T1592	1592	13527	Five Below Inc	FWIN	2016-06-02	2016-06-02	2016-06-16
T1593	1593	13527	Five Below Inc	FWIN	2015-09-02	2015-09-02	2015-09-16
T1594	1594	13527	Five Below Inc	FWIN	2015-12-03	2015-12-03	2015-12-17
T1596	1596	13527	Five Below Inc	FWIN	2018-03-21	2018-03-21	2018-04-04
T1597	1597	13527	Five Below Inc	FWIN	2017-03-22	2017-03-22	2017-04-05
T1599	1599	13527	Five Below Inc	FWIN	2017-11-30	2017-11-30	2017-12-14
T1600	1600	13527	Five Below Inc	FWIN	2016-08-31	2016-08-31	2016-09-14
T1601	1601	30940	Flowserve Corp	DURI	2018-11-08	2018-11-08	2018-11-22
T1602	1602	15456	Foot Locker Inc	Z	2015-03-06	2015-03-06	2015-03-20
T1603	1603	15456	Foot Locker Inc	Z	2016-05-20	2016-05-20	2016-06-03
T1604	1604	15456	Foot Locker Inc	Z	2015-08-21	2015-08-21	2015-09-04
T1605	1605	25785	Ford Motor Co	F	2018-07-25	2018-07-25	2018-08-08
T1606	1606	25785	Ford Motor Co	F	2017-10-26	2017-10-26	2017-11-09
T1610	1610	25785	Ford Motor Co	F	2016-04-28	2016-04-28	2016-05-12
T1611	1611	14721	Foresight Energy LP	FELP	2015-10-29	2015-10-29	2015-11-12
T1612	1612	93132	Fortinet Inc	FTNT	2017-02-02	2017-02-02	2017-02-16
T1613	1613	93132	Fortinet Inc	FTNT	2018-05-03	2018-05-03	2018-05-17
T1616	1616	16087	Fortive Corp	FTVWI	2017-02-07	2017-02-07	2017-02-21
T1617	1617	16087	Fortive Corp	FTVWI	2017-10-26	2017-10-26	2017-11-09
T1618	1618	16087	Fortive Corp	FTVWI	2017-04-27	2017-04-27	2017-05-11
T1619	1619	17058	Four Seasons Education (Cayman) Inc	FEDU	2018-10-24	2018-10-24	2018-11-07
T1620	1620	37584	Franklin Resources Inc	FRRI	2018-07-27	2018-07-27	2018-08-10
T1621	1621	37584	Franklin Resources Inc	FRRI	2017-04-28	2017-04-28	2017-05-12
T1622	1622	14089	Franks International NV	FIFI	2015-04-29	2015-04-29	2015-05-13
T1623	1623	81774	Freeport-McMoRan Inc	FCX	2015-04-23	2015-04-23	2015-05-07
T1624	1624	81774	Freeport-McMoRan Inc	FCX	2017-04-25	2017-04-25	2017-05-09
T1625	1625	81774	Freeport-McMoRan Inc	FCX	2017-01-25	2017-01-25	2017-02-08
T1626	1626	81774	Freeport-McMoRan Inc	FCX	2018-01-25	2018-01-25	2018-02-08
T1627	1627	81774	Freeport-McMoRan Inc	FCX	2016-04-26	2016-04-26	2016-05-10
T1628	1628	81774	Freeport-McMoRan Inc	FCX	2016-07-26	2016-07-26	2016-08-09
T1631	1631	23887	Frontier Communications Corp	CIT1	2016-08-01	2016-08-01	2016-08-15
T1632	1632	23887	Frontier Communications Corp	CIT1	2017-08-01	2017-08-01	2017-08-15
T1633	1633	23887	Frontier Communications Corp	CIT1	2018-11-06	2018-11-06	2018-11-20
T1634	1634	23887	Frontier Communications Corp	CIT1	2016-02-23	2016-02-23	2016-03-08
T1635	1635	23887	Frontier Communications Corp	CIT1	2018-07-31	2018-07-31	2018-08-14
T1636	1636	23887	Frontier Communications Corp	CIT1	2017-10-31	2017-10-31	2017-11-14
T1637	1637	89139	Frontline Ltd	LOFS	2017-11-22	2017-11-22	2017-12-06
T1638	1638	89139	Frontline Ltd	LOFS	2017-02-28	2017-02-28	2017-03-14
T1639	1639	89139	Frontline Ltd	LOFS	2016-11-29	2016-11-29	2016-12-13
T1640	1640	89139	Frontline Ltd	LOFS	2017-05-30	2017-05-30	2017-06-13
T1641	1641	14252	Gaming and Leisure Properties Inc	GLPI	2018-08-01	2018-08-01	2018-08-15
T1642	1642	14252	Gaming and Leisure Properties Inc	GLPI	2018-11-01	2018-11-01	2018-11-15
T1643	1643	14252	Gaming and Leisure Properties Inc	GLPI	2016-08-09	2016-08-09	2016-08-23
T1644	1644	14252	Gaming and Leisure Properties Inc	GLPI	2018-04-25	2018-04-25	2018-05-09
T1645	1645	14252	Gaming and Leisure Properties Inc	GLPI	2016-04-26	2016-04-26	2016-05-10
T1646	1646	59010	Gap Inc	GPS	2017-11-16	2017-11-16	2017-11-30
T1647	1647	59010	Gap Inc	GPS	2017-05-18	2017-05-18	2017-06-01
T1648	1648	59010	Gap Inc	GPS	2015-11-19	2015-11-19	2015-12-03
T1649	1649	59010	Gap Inc	GPS	2018-08-23	2018-08-23	2018-09-06
T1650	1650	59010	Gap Inc	GPS	2018-05-24	2018-05-24	2018-06-07
T1651	1651	59010	Gap Inc	GPS	2016-02-25	2016-02-25	2016-03-10
T1652	1652	59010	Gap Inc	GPS	2015-02-26	2015-02-26	2015-03-12
T1653	1653	16692	Gardner Denver Holdings Inc	GDI	2018-10-26	2018-10-26	2018-11-09
T1654	1654	88837	Garmin Ltd	GRMN	2018-08-01	2018-08-01	2018-08-15
T1655	1655	88837	Garmin Ltd	GRMN	2015-02-18	2015-02-18	2015-03-04
T1661	1661	13319	GasLog Ltd	SAGQ	2018-08-02	2018-08-02	2018-08-16
T1662	1662	13319	GasLog Ltd	SAGQ	2016-11-03	2016-11-03	2016-11-17
T1663	1663	13319	GasLog Ltd	SAGQ	2016-08-04	2016-08-04	2016-08-18
T1664	1664	13319	GasLog Ltd	SAGQ	2018-05-04	2018-05-04	2018-05-18
T1665	1665	13319	GasLog Ltd	SAGQ	2017-05-05	2017-05-05	2017-05-19
T1667	1667	13319	GasLog Ltd	SAGQ	2015-05-06	2015-05-06	2015-05-20
T1668	1668	13319	GasLog Ltd	SAGQ	2016-05-06	2016-05-06	2016-05-20
T1669	1669	13319	GasLog Ltd	SAGQ	2018-02-16	2018-02-16	2018-03-02
T1670	1670	13319	GasLog Ltd	SAGQ	2017-02-17	2017-02-17	2017-03-03
T1671	1671	13319	GasLog Ltd	SAGQ	2016-02-25	2016-02-25	2016-03-10
T1672	1672	13319	GasLog Ltd	SAGQ	2015-02-27	2015-02-27	2015-03-13
T1673	1673	14643	GasLog Partners LP	GLOP	2018-07-26	2018-07-26	2018-08-09
T1674	1674	14643	GasLog Partners LP	GLOP	2017-10-26	2017-10-26	2017-11-09
T1675	1675	14643	GasLog Partners LP	GLOP	2017-07-27	2017-07-27	2017-08-10
T1676	1676	14643	GasLog Partners LP	GLOP	2016-10-27	2016-10-27	2016-11-10
T1677	1677	14643	GasLog Partners LP	GLOP	2016-07-28	2016-07-28	2016-08-11
T1678	1678	14643	GasLog Partners LP	GLOP	2015-01-29	2015-01-29	2015-02-12
T1679	1679	14643	GasLog Partners LP	GLOP	2015-04-30	2015-04-30	2015-05-14
T1680	1680	14643	GasLog Partners LP	GLOP	2015-07-30	2015-07-30	2015-08-13
T1681	1681	14643	GasLog Partners LP	GLOP	2018-01-31	2018-01-31	2018-02-14
T1685	1685	17144	General Mills Inc	GIS	2015-12-17	2015-12-17	2015-12-31
T1687	1687	17144	General Mills Inc	GIS	2016-03-23	2016-03-23	2016-04-06
T1695	1695	21055	Genesco Inc	GCO	2016-12-02	2016-12-02	2016-12-16
T1696	1696	21055	Genesco Inc	GCO	2015-09-03	2015-09-03	2015-09-17
T1698	1698	21055	Genesco Inc	GCO	2017-03-10	2017-03-10	2017-03-24
T1699	1699	21055	Genesco Inc	GCO	2016-03-11	2016-03-11	2016-03-25
T1700	1700	21055	Genesco Inc	GCO	2015-03-12	2015-03-12	2015-03-26
T1701	1701	21055	Genesco Inc	GCO	2017-05-25	2017-05-25	2017-06-08
T1703	1703	21055	Genesco Inc	GCO	2015-05-29	2015-05-29	2015-06-12
T1705	1705	83661	Genesee & Wyoming Inc	GNWR	2016-04-28	2016-04-28	2016-05-12
T1708	1708	77274	Gilead Sciences Inc	GIL1	2018-05-01	2018-05-01	2018-05-15
T1709	1709	77274	Gilead Sciences Inc	GIL1	2016-11-01	2016-11-01	2016-11-15
T1710	1710	77274	Gilead Sciences Inc	GIL1	2016-02-02	2016-02-02	2016-02-16
T1711	1711	77274	Gilead Sciences Inc	GIL1	2017-05-02	2017-05-02	2017-05-16
T1712	1712	77274	Gilead Sciences Inc	GIL1	2015-02-03	2015-02-03	2015-02-17
T1713	1713	77274	Gilead Sciences Inc	GIL1	2018-02-06	2018-02-06	2018-02-20
T1714	1714	77274	Gilead Sciences Inc	GIL1	2017-02-07	2017-02-07	2017-02-21
T1715	1715	77274	Gilead Sciences Inc	GIL1	2016-07-25	2016-07-25	2016-08-08
T1716	1716	77274	Gilead Sciences Inc	GIL1	2018-07-25	2018-07-25	2018-08-08
T1717	1717	77274	Gilead Sciences Inc	GIL1	2018-10-25	2018-10-25	2018-11-08
T1718	1718	77274	Gilead Sciences Inc	GIL1	2017-07-26	2017-07-26	2017-08-09
T1719	1719	77274	Gilead Sciences Inc	GIL1	2017-10-26	2017-10-26	2017-11-09
T1720	1720	77274	Gilead Sciences Inc	GIL1	2015-10-27	2015-10-27	2015-11-10
T1721	1721	77274	Gilead Sciences Inc	GIL1	2016-04-28	2016-04-28	2016-05-12
T1722	1722	77274	Gilead Sciences Inc	GIL1	2015-07-28	2015-07-28	2015-08-11
T1723	1723	77274	Gilead Sciences Inc	GIL1	2015-04-30	2015-04-30	2015-05-14
T1728	1728	13543	Globus Medical Inc	GMEZ	2015-11-03	2015-11-03	2015-11-17
T1731	1731	13543	Globus Medical Inc	GMEZ	2016-02-24	2016-02-24	2016-03-09
T1753	1753	89618	Golar LNG Ltd	GLNG	2018-11-05	2018-11-05	2018-11-19
T1754	1754	89618	Golar LNG Ltd	GLNG	2018-08-23	2018-08-23	2018-09-06
T1755	1755	89618	Golar LNG Ltd	GLNG	2015-02-25	2015-02-25	2015-03-11
T1756	1756	89618	Golar LNG Ltd	GLNG	2015-08-27	2015-08-27	2015-09-10
T1757	1757	89618	Golar LNG Ltd	GLNG	2017-02-28	2017-02-28	2017-03-14
T1758	1758	89618	Golar LNG Ltd	GLNG	2015-05-28	2015-05-28	2015-06-11
T1760	1760	89618	Golar LNG Ltd	GLNG	2017-08-30	2017-08-30	2017-09-13
T1761	1761	89618	Golar LNG Ltd	GLNG	2015-11-30	2015-11-30	2015-12-14
T1762	1762	89618	Golar LNG Ltd	GLNG	2016-11-30	2016-11-30	2016-12-14
T1763	1763	89618	Golar LNG Ltd	GLNG	2017-11-30	2017-11-30	2017-12-14
T1765	1765	12689	Golar LNG Partners LP	GMLP	2017-11-30	2017-11-30	2017-12-14
T1766	1766	84566	Golden Ocean Group Ltd	VLCC	2018-02-20	2018-02-20	2018-03-06
T1767	1767	84566	Golden Ocean Group Ltd	VLCC	2017-11-21	2017-11-21	2017-12-05
T1768	1768	84566	Golden Ocean Group Ltd	VLCC	2015-11-24	2015-11-24	2015-12-08
T1769	1769	84566	Golden Ocean Group Ltd	VLCC	2015-08-27	2015-08-27	2015-09-10
T1770	1770	86868	Goldman Sachs Group Inc	GSG	2015-10-15	2015-10-15	2015-10-29
T1772	1772	86868	Goldman Sachs Group Inc	GSG	2015-01-16	2015-01-16	2015-01-30
T1786	1786	11664	Green Dot Corp	GDOT	2015-05-07	2015-05-07	2015-05-21
T1788	1788	17378	GreenTree Hospitality Group Ltd	GHG	2018-08-23	2018-08-23	2018-09-06
T1790	1790	14567	GrubHub Inc	GRUB	2016-05-03	2016-05-03	2016-05-17
T1791	1791	14567	GrubHub Inc	GRUB	2016-02-04	2016-02-04	2016-02-18
T1792	1792	14567	GrubHub Inc	GRUB	2018-10-25	2018-10-25	2018-11-08
T1793	1793	14567	GrubHub Inc	GRUB	2016-10-26	2016-10-26	2016-11-09
T1796	1796	91128	Gulfport Energy Corp	GPOR	2016-02-18	2016-02-18	2016-03-03
T1802	1802	49373	H & R Block Inc	HRB	2018-08-28	2018-08-28	2018-09-11
T1804	1804	76837	Haemonetics Corp	HAE	2017-08-07	2017-08-07	2017-08-21
T1809	1809	23819	Halliburton Co	HAL	2017-01-23	2017-01-23	2017-02-06
T1810	1810	23819	Halliburton Co	HAL	2017-04-24	2017-04-24	2017-05-08
T1811	1811	23819	Halliburton Co	HAL	2017-07-24	2017-07-24	2017-08-07
T1812	1812	14941	Halyard Health Inc	HYHWI	2016-11-02	2016-11-02	2016-11-16
T1813	1813	14941	Halyard Health Inc	HYHWI	2016-02-29	2016-02-29	2016-03-14
T1814	1814	16632	Hamilton Lane Inc	HLNE	2018-08-07	2018-08-07	2018-08-21
T1815	1815	16632	Hamilton Lane Inc	HLNE	2017-11-07	2017-11-07	2017-11-21
T1816	1816	16632	Hamilton Lane Inc	HLNE	2017-08-08	2017-08-08	2017-08-22
T1817	1817	76684	Hancock Holding Co	HBHC	2016-01-22	2016-01-22	2016-02-05
T1818	1818	91416	HanesBrands Inc	HBI	2016-08-02	2016-08-02	2016-08-16
T1819	1819	91416	HanesBrands Inc	HBI	2017-05-02	2017-05-02	2017-05-16
T1820	1820	91416	HanesBrands Inc	HBI	2016-02-04	2016-02-04	2016-02-18
T1821	1821	91416	HanesBrands Inc	HBI	2015-04-23	2015-04-23	2015-05-07
T1822	1822	91416	HanesBrands Inc	HBI	2016-10-27	2016-10-27	2016-11-10
T1823	1823	91416	HanesBrands Inc	HBI	2015-10-28	2015-10-28	2015-11-11
T1824	1824	91416	HanesBrands Inc	HBI	2015-07-30	2015-07-30	2015-08-13
T1825	1825	70033	Harley-Davidson Inc	HDI	2015-04-21	2015-04-21	2015-05-05
T1826	1826	75224	Harman International Industries Inc	HIII	2015-08-04	2015-08-04	2015-08-18
T1827	1827	75224	Harman International Industries Inc	HIII	2015-01-29	2015-01-29	2015-02-12
T1828	1828	75224	Harman International Industries Inc	HIII	2015-04-30	2015-04-30	2015-05-14
T1829	1829	81666	Hawaiian Holdings Inc	HAI	2017-10-19	2017-10-19	2017-11-02
T1830	1830	81666	Hawaiian Holdings Inc	HAI	2017-04-20	2017-04-20	2017-05-04
T1831	1831	81666	Hawaiian Holdings Inc	HAI	2017-01-24	2017-01-24	2017-02-07
T1832	1832	81666	Hawaiian Holdings Inc	HAI	2017-07-25	2017-07-25	2017-08-08
T1833	1833	81666	Hawaiian Holdings Inc	HAI	2018-01-29	2018-01-29	2018-02-12
T1834	1834	79233	Healthcare Realty Trust Inc	HEA	2018-11-02	2018-11-02	2018-11-16
T1835	1835	13439	Healthcare Trust Of America Inc	HTAN	2018-10-26	2018-10-26	2018-11-09
T1836	1836	85168	Helix Energy Solutions Group Inc	CDIS	2015-10-20	2015-10-20	2015-11-03
T1837	1837	85168	Helix Energy Solutions Group Inc	CDIS	2015-07-21	2015-07-21	2015-08-04
T1838	1838	82581	Henry Schein Inc	HSIC	2017-11-06	2017-11-06	2017-11-20
T1839	1839	16600	Hershey Co	HSY	2018-02-01	2018-02-01	2018-02-15
T1840	1840	16600	Hershey Co	HSY	2017-02-03	2017-02-03	2017-02-17
T1841	1841	16600	Hershey Co	HSY	2015-08-07	2015-08-07	2015-08-21
T1842	1842	16600	Hershey Co	HSY	2016-04-26	2016-04-26	2016-05-10
T1843	1843	16600	Hershey Co	HSY	2017-07-26	2017-07-26	2017-08-09
T1844	1844	16600	Hershey Co	HSY	2016-07-28	2016-07-28	2016-08-11
T1845	1845	16600	Hershey Co	HSY	2016-10-28	2016-10-28	2016-11-11
T1846	1846	28484	Hess Corp	AHC	2018-07-25	2018-07-25	2018-08-08
T1847	1847	28484	Hess Corp	AHC	2017-10-25	2017-10-25	2017-11-08
T1848	1848	28484	Hess Corp	AHC	2016-04-27	2016-04-27	2016-05-11
T1849	1849	16665	Hess Midstream Partners LP	HESM	2017-10-26	2017-10-26	2017-11-09
T1850	1850	80688	Highwoods Properties Inc	HIW	2015-08-05	2015-08-05	2015-08-19
T1851	1851	80688	Highwoods Properties Inc	HIW	2015-04-29	2015-04-29	2015-05-13
T1852	1852	52716	Hill-Rom Holdings Inc	HB	2018-11-02	2018-11-02	2018-11-16
T1853	1853	52716	Hill-Rom Holdings Inc	HB	2015-02-03	2015-02-03	2015-02-17
T1854	1854	52716	Hill-Rom Holdings Inc	HB	2017-11-03	2017-11-03	2017-11-17
T1855	1855	52716	Hill-Rom Holdings Inc	HB	2015-05-05	2015-05-05	2015-05-19
T1856	1856	52716	Hill-Rom Holdings Inc	HB	2015-11-05	2015-11-05	2015-11-19
T1857	1857	52716	Hill-Rom Holdings Inc	HB	2018-01-26	2018-01-26	2018-02-09
T1859	1859	52716	Hill-Rom Holdings Inc	HB	2017-01-27	2017-01-27	2017-02-10
T1860	1860	52716	Hill-Rom Holdings Inc	HB	2018-07-27	2018-07-27	2018-08-10
T1861	1861	52716	Hill-Rom Holdings Inc	HB	2017-07-28	2017-07-28	2017-08-11
T1864	1864	14338	Hilton Worldwide Holdings Inc	HLTT	2017-02-15	2017-02-15	2017-03-01
T1865	1865	14338	Hilton Worldwide Holdings Inc	HLTT	2018-07-25	2018-07-25	2018-08-08
T1868	1868	14338	Hilton Worldwide Holdings Inc	HLTT	2016-04-27	2016-04-27	2016-05-11
T1870	1870	91163	Himax Technologies Inc	HIMX	2016-02-04	2016-02-04	2016-02-18
T1871	1871	91163	Himax Technologies Inc	HIMX	2017-11-09	2017-11-09	2017-11-23
T1872	1872	91163	Himax Technologies Inc	HIMX	2018-02-13	2018-02-13	2018-02-27
T1873	1873	14857	Hoegh LNG Partners LP	HMLP	2016-11-17	2016-11-17	2016-12-01
T1874	1874	14857	Hoegh LNG Partners LP	HMLP	2017-08-24	2017-08-24	2017-09-07
T1875	1875	32803	HollyFrontier Corp	HOC	2015-08-05	2015-08-05	2015-08-19
T1876	1876	32803	HollyFrontier Corp	HOC	2015-11-05	2015-11-05	2015-11-19
T1877	1877	32803	HollyFrontier Corp	HOC	2015-05-06	2015-05-06	2015-05-20
T1879	1879	76095	Hologic Inc	HOLX	2015-11-04	2015-11-04	2015-11-18
T1887	1887	66181	Home Depot Inc	HD	2018-08-14	2018-08-14	2018-08-28
T1888	1888	66181	Home Depot Inc	HD	2017-08-15	2017-08-15	2017-08-29
T1891	1891	66181	Home Depot Inc	HD	2016-08-16	2016-08-16	2016-08-30
T1894	1894	66181	Home Depot Inc	HD	2015-11-17	2015-11-17	2015-12-01
T1895	1895	66181	Home Depot Inc	HD	2015-08-18	2015-08-18	2015-09-01
T1896	1896	66181	Home Depot Inc	HD	2015-05-19	2015-05-19	2015-06-02
T1897	1897	66181	Home Depot Inc	HD	2018-02-20	2018-02-20	2018-03-06
T1906	1906	12919	Horizon Pharma PLC	HZNP	2018-11-07	2018-11-07	2018-11-21
T1907	1907	12919	Horizon Pharma PLC	HZNP	2017-05-08	2017-05-08	2017-05-22
T1908	1908	12919	Horizon Pharma PLC	HZNP	2018-05-09	2018-05-09	2018-05-23
T1909	1909	12919	Horizon Pharma PLC	HZNP	2017-02-27	2017-02-27	2017-03-13
T1910	1910	15785	Hostess Brands Inc	TWNK	2018-02-28	2018-02-28	2018-03-14
T1911	1911	14312	Houghton Mifflin Harcourt Co	HMHC	2016-05-04	2016-05-04	2016-05-18
T1912	1912	14312	Houghton Mifflin Harcourt Co	HMHC	2015-11-05	2015-11-05	2015-11-19
T1913	1913	14312	Houghton Mifflin Harcourt Co	HMHC	2015-02-26	2015-02-26	2015-03-12
T1914	1914	83272	Hub Group Inc	HUBG	2018-10-25	2018-10-25	2018-11-08
T1915	1915	83272	Hub Group Inc	HUBG	2016-04-26	2016-04-26	2016-05-10
T1916	1916	83272	Hub Group Inc	HUBG	2016-07-26	2016-07-26	2016-08-09
T1926	1926	32942	Hubbell Inc	HUB1	2018-10-23	2018-10-23	2018-11-06
T1929	1929	32942	Hubbell Inc	HUB1	2016-07-26	2016-07-26	2016-08-09
T1930	1930	17308	Hudson Ltd	HUD	2018-08-03	2018-08-03	2018-08-17
T1931	1931	48653	Humana Inc	HUM	2018-08-01	2018-08-01	2018-08-15
T1932	1932	48653	Humana Inc	HUM	2017-08-02	2017-08-02	2017-08-16
T1942	1942	93098	Hyatt Hotels Corp	HYAT	2016-05-03	2016-05-03	2016-05-17
T1945	1945	93098	Hyatt Hotels Corp	HYAT	2017-05-04	2017-05-04	2017-05-18
T1949	1949	14704	IHS Markit Ltd	MRKT	2018-01-16	2018-01-16	2018-01-30
T1950	1950	14704	IHS Markit Ltd	MRKT	2017-01-17	2017-01-17	2017-01-31
T1951	1951	14704	IHS Markit Ltd	MRKT	2018-09-25	2018-09-25	2018-10-09
T1952	1952	14704	IHS Markit Ltd	MRKT	2018-06-26	2018-06-26	2018-07-10
T1953	1953	14704	IHS Markit Ltd	MRKT	2017-09-26	2017-09-26	2017-10-10
T1954	1954	14704	IHS Markit Ltd	MRKT	2017-06-27	2017-06-27	2017-07-11
T1955	1955	14704	IHS Markit Ltd	MRKT	2018-03-27	2018-03-27	2018-04-10
T1956	1956	11752	II-VI Inc	IIVI	2018-05-01	2018-05-01	2018-05-15
T1957	1957	11752	II-VI Inc	IIVI	2018-11-01	2018-11-01	2018-11-15
T1958	1958	11752	II-VI Inc	IIVI	2018-08-07	2018-08-07	2018-08-21
T1960	1960	56573	Illinois Tool Works Inc	ITW	2016-07-20	2016-07-20	2016-08-03
T1962	1962	56573	Illinois Tool Works Inc	ITW	2015-10-21	2015-10-21	2015-11-04
T1965	1965	56573	Illinois Tool Works Inc	ITW	2017-07-24	2017-07-24	2017-08-07
T1966	1966	56573	Illinois Tool Works Inc	ITW	2018-10-24	2018-10-24	2018-11-07
T1975	1975	88446	Illumina Inc	ILMN	2017-04-25	2017-04-25	2017-05-09
T1978	1978	88446	Illumina Inc	ILMN	2018-07-30	2018-07-30	2018-08-13
T1982	1982	13080	Imperva Inc	IMPP	2016-05-05	2016-05-05	2016-05-19
T1983	1983	13080	Imperva Inc	IMPP	2017-02-08	2017-02-08	2017-02-22
T1998	1998	12431	Ingersoll-Rand PLC	IR	2017-02-01	2017-02-01	2017-02-15
T1999	1999	12431	Ingersoll-Rand PLC	IR	2016-02-09	2016-02-09	2016-02-23
T2000	2000	12431	Ingersoll-Rand PLC	IR	2015-04-23	2015-04-23	2015-05-07
T2001	2001	12431	Ingersoll-Rand PLC	IR	2017-10-25	2017-10-25	2017-11-08
T2002	2002	12431	Ingersoll-Rand PLC	IR	2016-04-26	2016-04-26	2016-05-10
T2003	2003	12431	Ingersoll-Rand PLC	IR	2017-04-26	2017-04-26	2017-05-10
T2004	2004	12431	Ingersoll-Rand PLC	IR	2017-07-26	2017-07-26	2017-08-09
T2005	2005	12431	Ingersoll-Rand PLC	IR	2016-10-26	2016-10-26	2016-11-09
T2006	2006	12431	Ingersoll-Rand PLC	IR	2016-07-27	2016-07-27	2016-08-10
T2007	2007	12431	Ingersoll-Rand PLC	IR	2015-10-27	2015-10-27	2015-11-10
T2008	2008	12431	Ingersoll-Rand PLC	IR	2015-07-28	2015-07-28	2015-08-11
T2009	2009	12431	Ingersoll-Rand PLC	IR	2015-01-30	2015-01-30	2015-02-13
T2012	2012	15220	Inovalon Holdings Inc	00IE	2018-11-07	2018-11-07	2018-11-21
T2029	2029	92050	Insulet Corp	PODD	2018-08-02	2018-08-02	2018-08-16
T2030	2030	92050	Insulet Corp	PODD	2017-11-02	2017-11-02	2017-11-16
T2031	2031	92050	Insulet Corp	PODD	2017-08-03	2017-08-03	2017-08-17
T2032	2032	92050	Insulet Corp	PODD	2015-11-05	2015-11-05	2015-11-19
T2033	2033	92050	Insulet Corp	PODD	2018-02-21	2018-02-21	2018-03-07
T2034	2034	92050	Insulet Corp	PODD	2016-02-25	2016-02-25	2016-03-10
T2035	2035	82179	Integra LifeSciences Holdings Corp	IART	2015-11-03	2015-11-03	2015-11-17
T2048	2048	13643	Intercept Pharmaceuticals Inc	ICPT	2018-02-14	2018-02-14	2018-02-28
T2057	2057	92621	Intrepid Potash Inc	IPP	2015-04-28	2015-04-28	2015-05-12
T2075	2075	88352	Intuitive Surgical Inc	ISRG	2015-01-22	2015-01-22	2015-02-05
T2076	2076	88352	Intuitive Surgical Inc	ISRG	2017-01-24	2017-01-24	2017-02-07
T2077	2077	88352	Intuitive Surgical Inc	ISRG	2018-01-25	2018-01-25	2018-02-08
T2078	2078	13911	Iqvia Holdings Inc	QQUN	2018-07-24	2018-07-24	2018-08-07
T2079	2079	93264	Ironwood Pharmaceuticals Inc	IRWD	2015-11-03	2015-11-03	2015-11-17
T2082	2082	18403	J C Penney Company Inc	JCP	2017-11-10	2017-11-10	2017-11-24
T2083	2083	18403	J C Penney Company Inc	JCP	2017-08-11	2017-08-11	2017-08-25
T2084	2084	18403	J C Penney Company Inc	JCP	2016-11-11	2016-11-11	2016-11-25
T2085	2085	18403	J C Penney Company Inc	JCP	2015-05-13	2015-05-13	2015-05-27
T2086	2086	18403	J C Penney Company Inc	JCP	2015-11-13	2015-11-13	2015-11-27
T2087	2087	18403	J C Penney Company Inc	JCP	2015-08-14	2015-08-14	2015-08-28
T2088	2088	18403	J C Penney Company Inc	JCP	2018-08-16	2018-08-16	2018-08-30
T2089	2089	18403	J C Penney Company Inc	JCP	2018-05-17	2018-05-17	2018-05-31
T2091	2091	16611	J.Jill Inc	JILL	2018-03-15	2018-03-15	2018-03-29
T2094	2094	16611	J.Jill Inc	JILL	2017-08-29	2017-08-29	2017-09-12
T2095	2095	14655	JD.com Inc	JD	2015-05-08	2015-05-08	2015-05-22
T2096	2096	77453	Jack in the Box Inc	FMK1	2016-08-04	2016-08-04	2016-08-18
T2097	2097	77453	Jack in the Box Inc	FMK1	2018-08-09	2018-08-09	2018-08-23
T2099	2099	77453	Jack in the Box Inc	FMK1	2016-05-12	2016-05-12	2016-05-26
T2102	2102	77453	Jack in the Box Inc	FMK1	2016-11-22	2016-11-22	2016-12-06
T2104	2104	88313	Janus Capital Group Inc	SV	2017-04-20	2017-04-20	2017-05-04
T2105	2105	88313	Janus Capital Group Inc	SV	2015-01-22	2015-01-22	2015-02-05
T2106	2106	88313	Janus Capital Group Inc	SV	2017-01-24	2017-01-24	2017-02-07
T2107	2107	88313	Janus Capital Group Inc	SV	2016-10-25	2016-10-25	2016-11-08
T2112	2112	89353	JetBlue Airways Corp	JBLU	2015-07-28	2015-07-28	2015-08-11
T2124	2124	22111	Johnson & Johnson	JNJ	2018-01-23	2018-01-23	2018-02-06
T2125	2125	22111	Johnson & Johnson	JNJ	2017-01-24	2017-01-24	2017-02-07
T2126	2126	22111	Johnson & Johnson	JNJ	2016-01-26	2016-01-26	2016-02-09
T2130	2130	14630	Jumei International Holding Ltd	JMEI	2015-05-22	2015-05-22	2015-06-05
T2141	2141	91403	Kaiser Aluminum Corp	KLU3	2017-02-22	2017-02-22	2017-03-08
T2149	2149	26825	Kellogg Co	K	2017-08-03	2017-08-03	2017-08-17
T2150	2150	26825	Kellogg Co	K	2015-11-03	2015-11-03	2015-11-17
T2151	2151	26825	Kellogg Co	K	2015-08-04	2015-08-04	2015-08-18
T2152	2152	26825	Kellogg Co	K	2016-08-04	2016-08-04	2016-08-18
T2153	2153	26825	Kellogg Co	K	2018-02-08	2018-02-08	2018-02-22
T2154	2154	26825	Kellogg Co	K	2017-02-09	2017-02-09	2017-02-23
T2155	2155	26825	Kellogg Co	K	2015-02-12	2015-02-12	2015-02-26
T2161	2161	77129	Kimco Realty Corp	KIM	2017-07-27	2017-07-27	2017-08-10
T2162	2162	14524	King Digital Entertainment plc	001Z	2015-08-13	2015-08-13	2015-08-27
T2163	2163	80987	Knight Transportation Inc	KNGT	2017-01-25	2017-01-25	2017-02-08
T2164	2164	80987	Knight Transportation Inc	KNGT	2016-07-27	2016-07-27	2016-08-10
T2171	2171	16678	Kroger Co	KR	2015-12-03	2015-12-03	2015-12-17
T2172	2172	16678	Kroger Co	KR	2016-03-03	2016-03-03	2016-03-17
T2176	2176	16678	Kroger Co	KR	2016-09-09	2016-09-09	2016-09-23
T2177	2177	16678	Kroger Co	KR	2015-09-11	2015-09-11	2015-09-25
T2179	2179	16678	Kroger Co	KR	2018-06-21	2018-06-21	2018-07-05
T2180	2180	64282	L Brands Inc	LTD	2018-03-01	2018-03-01	2018-03-15
T2181	2181	64282	L Brands Inc	LTD	2017-11-16	2017-11-16	2017-11-30
T2182	2182	64282	L Brands Inc	LTD	2017-08-17	2017-08-17	2017-08-31
T2183	2183	64282	L Brands Inc	LTD	2016-11-17	2016-11-17	2016-12-01
T2184	2184	64282	L Brands Inc	LTD	2016-08-18	2016-08-18	2016-09-01
T2185	2185	64282	L Brands Inc	LTD	2017-05-18	2017-05-18	2017-06-01
T2186	2186	64282	L Brands Inc	LTD	2016-05-19	2016-05-19	2016-06-02
T2187	2187	64282	L Brands Inc	LTD	2015-11-19	2015-11-19	2015-12-03
T2188	2188	64282	L Brands Inc	LTD	2015-08-20	2015-08-20	2015-09-03
T2189	2189	64282	L Brands Inc	LTD	2015-05-21	2015-05-21	2015-06-04
T2190	2190	64282	L Brands Inc	LTD	2018-08-23	2018-08-23	2018-09-06
T2191	2191	64282	L Brands Inc	LTD	2017-02-23	2017-02-23	2017-03-09
T2192	2192	64282	L Brands Inc	LTD	2018-05-24	2018-05-24	2018-06-07
T2193	2193	64282	L Brands Inc	LTD	2016-02-25	2016-02-25	2016-03-10
T2194	2194	64282	L Brands Inc	LTD	2015-02-26	2015-02-26	2015-03-12
T2195	2195	14573	La Quinta Holdings Inc	0039	2017-11-01	2017-11-01	2017-11-15
T2196	2196	14573	La Quinta Holdings Inc	0039	2016-11-02	2016-11-02	2016-11-16
T2197	2197	14573	La Quinta Holdings Inc	0039	2017-08-08	2017-08-08	2017-08-22
T2198	2198	14573	La Quinta Holdings Inc	0039	2016-02-24	2016-02-24	2016-03-09
T2199	2199	14573	La Quinta Holdings Inc	0039	2016-04-27	2016-04-27	2016-05-11
T2200	2200	14573	La Quinta Holdings Inc	0039	2017-02-28	2017-02-28	2017-03-14
T2202	2202	12062	Laboratory Corporation of America Holdings	NHLI	2015-02-20	2015-02-20	2015-03-06
T2204	2204	12062	Laboratory Corporation of America Holdings	NHLI	2018-07-25	2018-07-25	2018-08-08
T2207	2207	16431	Lamb Weston Holdings Inc	LW	2017-10-04	2017-10-04	2017-10-18
T2209	2209	78981	Landstar System Inc	LSTR	2016-07-21	2016-07-21	2016-08-04
T2227	2227	65330	Legg Mason Inc	LM	2018-01-24	2018-01-24	2018-02-07
T2228	2228	65330	Legg Mason Inc	LM	2017-04-26	2017-04-26	2017-05-10
T2234	2234	15092	LendingClub Corp	00EG	2018-08-07	2018-08-07	2018-08-21
T2236	2236	15092	LendingClub Corp	00EG	2018-05-08	2018-05-08	2018-05-22
T2238	2238	15092	LendingClub Corp	00EG	2018-02-20	2018-02-20	2018-03-06
T2239	2239	87034	Lennox International Inc	LII1	2016-07-18	2016-07-18	2016-08-01
T2240	2240	82643	Lexmark International Inc	LXK	2015-07-21	2015-07-21	2015-08-04
T2241	2241	82643	Lexmark International Inc	LXK	2015-01-27	2015-01-27	2015-02-10
T2242	2242	82643	Lexmark International Inc	LXK	2015-04-28	2015-04-28	2015-05-12
T2243	2243	17221	Liberty Oilfield Services Inc	01Z4	2018-08-02	2018-08-02	2018-08-16
T2244	2244	80691	Liberty Property Trust	LRY	2015-04-21	2015-04-21	2015-05-05
T2245	2245	80691	Liberty Property Trust	LRY	2015-07-28	2015-07-28	2015-08-11
T2246	2246	86899	LifePoint Health Inc	LPNT	2015-05-01	2015-05-01	2015-05-15
T2247	2247	86899	LifePoint Health Inc	LPNT	2015-02-12	2015-02-12	2015-02-26
T2248	2248	86899	LifePoint Health Inc	LPNT	2016-02-12	2016-02-12	2016-02-26
T2249	2249	86899	LifePoint Health Inc	LPNT	2016-04-29	2016-04-29	2016-05-13
T2250	2250	86899	LifePoint Health Inc	LPNT	2015-07-31	2015-07-31	2015-08-14
T2251	2251	10299	Linear Technology Corp	LLTC	2015-01-14	2015-01-14	2015-01-28
T2252	2252	10299	Linear Technology Corp	LLTC	2015-10-14	2015-10-14	2015-10-28
T2253	2253	10299	Linear Technology Corp	LLTC	2015-04-15	2015-04-15	2015-04-29
T2254	2254	10299	Linear Technology Corp	LLTC	2015-07-22	2015-07-22	2015-08-05
T2255	2255	12742	LinkedIn Corp	LNKD	2016-02-04	2016-02-04	2016-02-18
T2256	2256	12742	LinkedIn Corp	LNKD	2015-10-29	2015-10-29	2015-11-12
T2257	2257	12742	LinkedIn Corp	LNKD	2015-04-30	2015-04-30	2015-05-14
T2258	2258	12742	LinkedIn Corp	LNKD	2015-07-30	2015-07-30	2015-08-13
T2261	2261	61399	Lowe's Companies Inc	LOW	2016-11-16	2016-11-16	2016-11-30
T2262	2262	61399	Lowe's Companies Inc	LOW	2016-08-17	2016-08-17	2016-08-31
T2263	2263	61399	Lowe's Companies Inc	LOW	2016-05-18	2016-05-18	2016-06-01
T2265	2265	61399	Lowe's Companies Inc	LOW	2015-08-19	2015-08-19	2015-09-02
T2267	2267	61399	Lowe's Companies Inc	LOW	2017-11-21	2017-11-21	2017-12-05
T2269	2269	61399	Lowe's Companies Inc	LOW	2017-05-24	2017-05-24	2017-06-07
T2270	2270	61399	Lowe's Companies Inc	LOW	2015-02-25	2015-02-25	2015-03-11
T2278	2278	15490	Lumentum Holdings Inc	LITEV	2018-02-06	2018-02-06	2018-02-20
T2279	2279	15490	Lumentum Holdings Inc	LITEV	2018-08-08	2018-08-08	2018-08-22
T2280	2280	15490	Lumentum Holdings Inc	LITEV	2017-08-09	2017-08-09	2017-08-23
T2281	2281	15490	Lumentum Holdings Inc	LITEV	2016-10-27	2016-10-27	2016-11-10
T2282	2282	35554	M&T Bank Corp	FEMP	2018-04-16	2018-04-16	2018-04-30
T2283	2283	35554	M&T Bank Corp	FEMP	2017-04-17	2017-04-17	2017-05-01
T2284	2284	35554	M&T Bank Corp	FEMP	2018-10-17	2018-10-17	2018-10-31
T2285	2285	35554	M&T Bank Corp	FEMP	2016-04-18	2016-04-18	2016-05-02
T2286	2286	35554	M&T Bank Corp	FEMP	2018-01-18	2018-01-18	2018-02-01
T2287	2287	35554	M&T Bank Corp	FEMP	2018-07-18	2018-07-18	2018-08-01
T2288	2288	35554	M&T Bank Corp	FEMP	2017-10-18	2017-10-18	2017-11-01
T2289	2289	35554	M&T Bank Corp	FEMP	2017-01-19	2017-01-19	2017-02-02
T2290	2290	35554	M&T Bank Corp	FEMP	2015-10-19	2015-10-19	2015-11-02
T2291	2291	35554	M&T Bank Corp	FEMP	2016-10-19	2016-10-19	2016-11-02
T2292	2292	35554	M&T Bank Corp	FEMP	2015-01-20	2015-01-20	2015-02-03
T2294	2294	16042	MGM Growth Properties LLC	MGP	2017-11-08	2017-11-08	2017-11-22
T2296	2296	11891	MGM Resorts International	MGMG	2018-08-02	2018-08-02	2018-08-16
T2297	2297	11891	MGM Resorts International	MGMG	2015-08-04	2015-08-04	2015-08-18
T2298	2298	11891	MGM Resorts International	MGMG	2016-08-04	2016-08-04	2016-08-18
T2299	2299	11891	MGM Resorts International	MGMG	2015-05-04	2015-05-04	2015-05-18
T2300	2300	11891	MGM Resorts International	MGMG	2016-05-05	2016-05-05	2016-05-19
T2301	2301	11891	MGM Resorts International	MGMG	2016-11-07	2016-11-07	2016-11-21
T2302	2302	11891	MGM Resorts International	MGMG	2017-11-08	2017-11-08	2017-11-22
T2303	2303	11891	MGM Resorts International	MGMG	2016-02-18	2016-02-18	2016-03-03
T2304	2304	11891	MGM Resorts International	MGMG	2018-02-20	2018-02-20	2018-03-06
T2305	2305	11891	MGM Resorts International	MGMG	2018-04-26	2018-04-26	2018-05-10
T2306	2306	11891	MGM Resorts International	MGMG	2017-04-27	2017-04-27	2017-05-11
T2307	2307	11891	MGM Resorts International	MGMG	2017-07-27	2017-07-27	2017-08-10
T2308	2308	11891	MGM Resorts International	MGMG	2015-10-29	2015-10-29	2015-11-12
T2310	2310	93233	MSG Networks Inc	MSGN	2017-02-02	2017-02-02	2017-02-16
T2319	2319	77462	Macy's Inc	FD	2015-05-13	2015-05-13	2015-05-27
T2323	2323	77462	Macy's Inc	FD	2015-02-24	2015-02-24	2015-03-10
T2326	2326	14011	Mallinckrodt Plc	MNKP	2017-08-08	2017-08-08	2017-08-22
T2327	2327	14011	Mallinckrodt Plc	MNKP	2017-05-08	2017-05-08	2017-05-22
T2328	2328	14011	Mallinckrodt Plc	MNKP	2018-02-27	2018-02-27	2018-03-13
T2329	2329	51263	Manitowoc Company Inc	MANT	2016-01-29	2016-01-29	2016-02-12
T2331	2331	51263	Manitowoc Company Inc	MANT	2015-07-30	2015-07-30	2015-08-13
T2333	2333	85913	Marriott International Inc	MHS	2018-08-07	2018-08-07	2018-08-21
T2339	2339	85913	Marriott International Inc	MHS	2016-07-28	2016-07-28	2016-08-11
T2340	2340	45751	Marsh & McLennan Companies Inc	MMC	2018-02-01	2018-02-01	2018-02-15
T2341	2341	45751	Marsh & McLennan Companies Inc	MMC	2017-02-02	2017-02-02	2017-02-16
T2343	2343	45751	Marsh & McLennan Companies Inc	MMC	2018-10-25	2018-10-25	2018-11-08
T2344	2344	45751	Marsh & McLennan Companies Inc	MMC	2018-04-26	2018-04-26	2018-05-10
T2345	2345	45751	Marsh & McLennan Companies Inc	MMC	2018-07-26	2018-07-26	2018-08-09
T2348	2348	45751	Marsh & McLennan Companies Inc	MMC	2017-07-27	2017-07-27	2017-08-10
T2349	2349	45751	Marsh & McLennan Companies Inc	MMC	2015-10-27	2015-10-27	2015-11-10
T2350	2350	45751	Marsh & McLennan Companies Inc	MMC	2016-04-28	2016-04-28	2016-05-12
T2351	2351	45751	Marsh & McLennan Companies Inc	MMC	2015-07-28	2015-07-28	2015-08-11
T2353	2353	45751	Marsh & McLennan Companies Inc	MMC	2015-04-30	2015-04-30	2015-05-14
T2354	2354	88360	Marvell Technology Group Ltd	MRVL	2018-09-06	2018-09-06	2018-09-20
T2355	2355	88360	Marvell Technology Group Ltd	MRVL	2018-03-08	2018-03-08	2018-03-22
T2356	2356	88360	Marvell Technology Group Ltd	MRVL	2015-02-19	2015-02-19	2015-03-05
T2357	2357	88360	Marvell Technology Group Ltd	MRVL	2017-08-24	2017-08-24	2017-09-07
T2358	2358	88360	Marvell Technology Group Ltd	MRVL	2017-05-25	2017-05-25	2017-06-08
T2359	2359	91233	Mastercard Inc	MAAA	2016-07-28	2016-07-28	2016-08-11
T2360	2360	91233	Mastercard Inc	MAAA	2015-04-29	2015-04-29	2015-05-13
T2363	2363	91233	Mastercard Inc	MAAA	2017-01-31	2017-01-31	2017-02-14
T2379	2379	43449	McDonald's Corp	MCD	2016-10-21	2016-10-21	2016-11-04
T2381	2381	43449	McDonald's Corp	MCD	2016-04-22	2016-04-22	2016-05-06
T2382	2382	43449	McDonald's Corp	MCD	2015-10-22	2015-10-22	2015-11-05
T2384	2384	43449	McDonald's Corp	MCD	2015-07-23	2015-07-23	2015-08-06
T2385	2385	43449	McDonald's Corp	MCD	2017-10-24	2017-10-24	2017-11-07
T2399	2399	81061	McKesson Corp	MCK	2017-07-27	2017-07-27	2017-08-10
T2400	2400	81061	McKesson Corp	MCK	2016-10-27	2016-10-27	2016-11-10
T2401	2401	92890	Mead Johnson Nutrition Co	MJN	2015-07-23	2015-07-23	2015-08-06
T2402	2402	92890	Mead Johnson Nutrition Co	MJN	2017-01-26	2017-01-26	2017-02-09
T2403	2403	92890	Mead Johnson Nutrition Co	MJN	2016-10-27	2016-10-27	2016-11-10
T2404	2404	92890	Mead Johnson Nutrition Co	MJN	2016-04-28	2016-04-28	2016-05-12
T2405	2405	92890	Mead Johnson Nutrition Co	MJN	2016-07-28	2016-07-28	2016-08-11
T2406	2406	92890	Mead Johnson Nutrition Co	MJN	2015-01-29	2015-01-29	2015-02-12
T2407	2407	92940	Medidata Solutions Inc	MDSO	2015-02-05	2015-02-05	2015-02-19
T2408	2408	92940	Medidata Solutions Inc	MDSO	2018-10-18	2018-10-18	2018-11-01
T2409	2409	92940	Medidata Solutions Inc	MDSO	2015-04-23	2015-04-23	2015-05-07
T2410	2410	92940	Medidata Solutions Inc	MDSO	2018-07-24	2018-07-24	2018-08-07
T2411	2411	60097	Medtronic PLC	MDT	2016-03-01	2016-03-01	2016-03-15
T2413	2413	60097	Medtronic PLC	MDT	2015-12-03	2015-12-03	2015-12-17
T2414	2414	60097	Medtronic PLC	MDT	2015-09-03	2015-09-03	2015-09-17
T2415	2415	60097	Medtronic PLC	MDT	2015-02-17	2015-02-17	2015-03-03
T2417	2417	60097	Medtronic PLC	MDT	2018-11-20	2018-11-20	2018-12-04
T2426	2426	92221	MercadoLibre Inc	MELL	2016-11-03	2016-11-03	2016-11-17
T2427	2427	92221	MercadoLibre Inc	MELL	2015-08-05	2015-08-05	2015-08-19
T2428	2428	92221	MercadoLibre Inc	MELL	2015-05-06	2015-05-06	2015-05-20
T2431	2431	22752	Merck & Co Inc	MRK	2018-02-02	2018-02-02	2018-02-16
T2432	2432	22752	Merck & Co Inc	MRK	2017-05-02	2017-05-02	2017-05-16
T2433	2433	22752	Merck & Co Inc	MRK	2016-02-03	2016-02-03	2016-02-17
T2436	2436	22752	Merck & Co Inc	MRK	2018-10-25	2018-10-25	2018-11-08
T2441	2441	22752	Merck & Co Inc	MRK	2015-07-28	2015-07-28	2015-08-11
T2442	2442	87842	Metlife Inc	METL	2015-02-12	2015-02-12	2015-02-26
T2443	2443	13142	Michael Kors Holdings Ltd	KORS	2016-02-02	2016-02-02	2016-02-16
T2444	2444	13142	Michael Kors Holdings Ltd	KORS	2015-11-04	2015-11-04	2015-11-18
T2445	2445	13142	Michael Kors Holdings Ltd	KORS	2015-02-05	2015-02-05	2015-02-19
T2446	2446	13142	Michael Kors Holdings Ltd	KORS	2015-08-06	2015-08-06	2015-08-20
T2447	2447	13142	Michael Kors Holdings Ltd	KORS	2017-11-06	2017-11-06	2017-11-20
T2448	2448	13142	Michael Kors Holdings Ltd	KORS	2018-02-07	2018-02-07	2018-02-21
T2449	2449	13142	Michael Kors Holdings Ltd	KORS	2018-11-07	2018-11-07	2018-11-21
T2450	2450	13142	Michael Kors Holdings Ltd	KORS	2017-08-08	2017-08-08	2017-08-22
T2451	2451	13142	Michael Kors Holdings Ltd	KORS	2018-08-08	2018-08-08	2018-08-22
T2452	2452	13142	Michael Kors Holdings Ltd	KORS	2016-08-10	2016-08-10	2016-08-24
T2453	2453	13142	Michael Kors Holdings Ltd	KORS	2016-11-10	2016-11-10	2016-11-24
T2454	2454	13142	Michael Kors Holdings Ltd	KORS	2015-05-27	2015-05-27	2015-06-10
T2455	2455	13142	Michael Kors Holdings Ltd	KORS	2018-05-30	2018-05-30	2018-06-13
T2456	2456	14696	Michaels Companies Inc	MIK	2015-12-03	2015-12-03	2015-12-17
T2457	2457	14696	Michaels Companies Inc	MIK	2016-12-06	2016-12-06	2016-12-20
T2458	2458	14696	Michaels Companies Inc	MIK	2018-12-06	2018-12-06	2018-12-20
T2463	2463	14696	Michaels Companies Inc	MIK	2016-08-25	2016-08-25	2016-09-08
T2464	2464	14696	Michaels Companies Inc	MIK	2015-08-27	2015-08-27	2015-09-10
T2507	2507	15430	Mindbody Inc	00RL	2016-10-26	2016-10-26	2016-11-09
T2511	2511	14697	MobileIron Inc	006J	2015-07-30	2015-07-30	2015-08-13
T2512	2512	14697	MobileIron Inc	006J	2017-10-31	2017-10-31	2017-11-14
T2528	2528	89781	Molina Healthcare Inc	MOHY	2018-04-30	2018-04-30	2018-05-14
T2529	2529	59248	Molson Coors Brewing Co	ACCO	2018-08-01	2018-08-01	2018-08-15
T2530	2530	59248	Molson Coors Brewing Co	ACCO	2018-05-02	2018-05-02	2018-05-16
T2532	2532	89006	Mondelez International Inc	KFT	2016-02-03	2016-02-03	2016-02-17
T2534	2534	89006	Mondelez International Inc	KFT	2016-10-26	2016-10-26	2016-11-09
T2536	2536	89006	Mondelez International Inc	KFT	2016-07-27	2016-07-27	2016-08-10
T2539	2539	90213	MoneyGram International Inc	MGII	2018-08-03	2018-08-03	2018-08-17
T2542	2542	88668	Monsanto Co	MONN	2015-04-01	2015-04-01	2015-04-15
T2543	2543	88668	Monsanto Co	MONN	2018-01-04	2018-01-04	2018-01-18
T2544	2544	88668	Monsanto Co	MONN	2017-04-05	2017-04-05	2017-04-19
T2545	2545	88668	Monsanto Co	MONN	2017-01-05	2017-01-05	2017-01-19
T2546	2546	88668	Monsanto Co	MONN	2016-04-06	2016-04-06	2016-04-20
T2547	2547	88668	Monsanto Co	MONN	2016-01-06	2016-01-06	2016-01-20
T2548	2548	88668	Monsanto Co	MONN	2015-01-07	2015-01-07	2015-01-21
T2549	2549	88668	Monsanto Co	MONN	2015-10-07	2015-10-07	2015-10-21
T2550	2550	88668	Monsanto Co	MONN	2017-06-28	2017-06-28	2017-07-12
T2551	2551	88031	Monster Beverage Corp	HANS	2018-05-08	2018-05-08	2018-05-22
T2552	2552	90386	Mosaic Co	MOSC	2017-08-01	2017-08-01	2017-08-15
T2553	2553	90386	Mosaic Co	MOSC	2016-11-01	2016-11-01	2016-11-15
T2554	2554	90386	Mosaic Co	MOSC	2016-08-02	2016-08-02	2016-08-16
T2555	2555	90386	Mosaic Co	MOSC	2017-05-02	2017-05-02	2017-05-16
T2556	2556	90386	Mosaic Co	MOSC	2015-08-04	2015-08-04	2015-08-18
T2557	2557	90386	Mosaic Co	MOSC	2016-05-04	2016-05-04	2016-05-18
T2558	2558	90386	Mosaic Co	MOSC	2018-08-07	2018-08-07	2018-08-21
T2559	2559	90386	Mosaic Co	MOSC	2017-02-07	2017-02-07	2017-02-21
T2560	2560	90386	Mosaic Co	MOSC	2015-02-11	2015-02-11	2015-02-25
T2561	2561	90386	Mosaic Co	MOSC	2017-10-31	2017-10-31	2017-11-14
T2562	2562	69550	Mylan NV	MYLN	2018-08-08	2018-08-08	2018-08-22
T2563	2563	69550	Mylan NV	MYLN	2016-08-09	2016-08-09	2016-08-23
T2564	2564	69550	Mylan NV	MYLN	2018-05-09	2018-05-09	2018-05-23
T2565	2565	69550	Mylan NV	MYLN	2016-02-10	2016-02-10	2016-02-24
T2566	2566	69550	Mylan NV	MYLN	2017-05-10	2017-05-10	2017-05-24
T2569	2569	90071	NRG Energy Inc	NRGE	2017-05-02	2017-05-02	2017-05-16
T2570	2570	90071	NRG Energy Inc	NRGE	2015-08-04	2015-08-04	2015-08-18
T2571	2571	90071	NRG Energy Inc	NRGE	2016-05-05	2016-05-05	2016-05-19
T2572	2572	90071	NRG Energy Inc	NRGE	2015-05-08	2015-05-08	2015-05-22
T2573	2573	14030	NRG Yield Inc	NYLD	2015-08-04	2015-08-04	2015-08-18
T2587	2587	12084	NXP Semiconductors NV	NXPI	2018-11-01	2018-11-01	2018-11-15
T2588	2588	12084	NXP Semiconductors NV	NXPI	2015-02-05	2015-02-05	2015-02-19
T2589	2589	12084	NXP Semiconductors NV	NXPI	2016-04-26	2016-04-26	2016-05-10
T2590	2590	12084	NXP Semiconductors NV	NXPI	2015-04-30	2015-04-30	2015-05-14
T2592	2592	29102	Nabors Industries Ltd	AEL	2017-10-25	2017-10-25	2017-11-08
T2593	2593	29102	Nabors Industries Ltd	AEL	2016-04-26	2016-04-26	2016-05-10
T2594	2594	29102	Nabors Industries Ltd	AEL	2016-10-26	2016-10-26	2016-11-09
T2597	2597	13962	NanoString Technologies Inc	NSTQ	2015-11-02	2015-11-02	2015-11-16
T2598	2598	13962	NanoString Technologies Inc	NSTQ	2016-08-03	2016-08-03	2016-08-17
T2599	2599	13962	NanoString Technologies Inc	NSTQ	2015-08-04	2015-08-04	2015-08-18
T2600	2600	13962	NanoString Technologies Inc	NSTQ	2018-08-07	2018-08-07	2018-08-21
T2601	2601	13962	NanoString Technologies Inc	NSTQ	2015-02-24	2015-02-24	2015-03-10
T2604	2604	14464	National General Holdings Corp	NGHC	2016-08-02	2016-08-02	2016-08-16
T2605	2605	14464	National General Holdings Corp	NGHC	2016-05-03	2016-05-03	2016-05-17
T2606	2606	14464	National General Holdings Corp	NGHC	2016-11-03	2016-11-03	2016-11-17
T2607	2607	14464	National General Holdings Corp	NGHC	2018-08-07	2018-08-07	2018-08-21
T2608	2608	14464	National General Holdings Corp	NGHC	2017-08-08	2017-08-08	2017-08-22
T2609	2609	14464	National General Holdings Corp	NGHC	2017-05-08	2017-05-08	2017-05-22
T2610	2610	14464	National General Holdings Corp	NGHC	2017-11-09	2017-11-09	2017-11-23
T2611	2611	84032	National Oilwell Varco Inc	NOI	2017-04-27	2017-04-27	2017-05-11
T2612	2612	84032	National Oilwell Varco Inc	NOI	2016-10-27	2016-10-27	2016-11-10
T2613	2613	84032	National Oilwell Varco Inc	NOI	2017-10-27	2017-10-27	2017-11-10
T2614	2614	84032	National Oilwell Varco Inc	NOI	2016-04-28	2016-04-28	2016-05-12
T2616	2616	16971	National Vision Holdings Inc	01UZ	2018-08-14	2018-08-14	2018-08-28
T2617	2617	13299	Nationstar Mortgage Holdings Inc	MSN	2016-05-04	2016-05-04	2016-05-18
T2618	2618	13299	Nationstar Mortgage Holdings Inc	MSN	2016-02-25	2016-02-25	2016-03-10
T2619	2619	13299	Nationstar Mortgage Holdings Inc	MSN	2015-02-26	2015-02-26	2015-03-12
T2620	2620	13299	Nationstar Mortgage Holdings Inc	MSN	2015-07-30	2015-07-30	2015-08-13
T2622	2622	14301	Navigator Holdings Ltd	NVIG	2017-08-08	2017-08-08	2017-08-22
T2637	2637	92497	NetSuite Inc	NK	2016-04-28	2016-04-28	2016-05-12
T2638	2638	92497	NetSuite Inc	NK	2015-01-29	2015-01-29	2015-02-12
T2642	2642	15046	Nevro Corp	NVRO	2017-11-06	2017-11-06	2017-11-20
T2643	2643	15046	Nevro Corp	NVRO	2017-08-07	2017-08-07	2017-08-21
T2644	2644	15046	Nevro Corp	NVRO	2018-05-07	2018-05-07	2018-05-21
T2645	2645	15046	Nevro Corp	NVRO	2016-11-07	2016-11-07	2016-11-21
T2646	2646	15046	Nevro Corp	NVRO	2017-05-08	2017-05-08	2017-05-22
T2647	2647	15046	Nevro Corp	NVRO	2015-11-09	2015-11-09	2015-11-23
T2648	2648	15046	Nevro Corp	NVRO	2015-05-11	2015-05-11	2015-05-25
T2649	2649	15046	Nevro Corp	NVRO	2018-02-22	2018-02-22	2018-03-08
T2650	2650	15046	Nevro Corp	NVRO	2017-02-23	2017-02-23	2017-03-09
T2651	2651	15046	Nevro Corp	NVRO	2016-02-29	2016-02-29	2016-03-14
T2652	2652	91457	New Oriental Education & Technology Group Inc	EDU	2017-01-17	2017-01-17	2017-01-31
T2653	2653	91457	New Oriental Education & Technology Group Inc	EDU	2015-01-20	2015-01-20	2015-02-03
T2654	2654	91457	New Oriental Education & Technology Group Inc	EDU	2016-07-20	2016-07-20	2016-08-03
T2655	2655	91457	New Oriental Education & Technology Group Inc	EDU	2018-01-23	2018-01-23	2018-02-06
T2656	2656	91457	New Oriental Education & Technology Group Inc	EDU	2018-04-24	2018-04-24	2018-05-08
T2657	2657	91457	New Oriental Education & Technology Group Inc	EDU	2018-07-24	2018-07-24	2018-08-07
T2658	2658	15108	New Relic Inc	NEWR	2015-11-05	2015-11-05	2015-11-19
T2659	2659	15108	New Relic Inc	NEWR	2015-08-06	2015-08-06	2015-08-20
T2660	2660	15108	New Relic Inc	NEWR	2018-02-06	2018-02-06	2018-02-20
T2661	2661	15108	New Relic Inc	NEWR	2018-08-07	2018-08-07	2018-08-21
T2662	2662	15108	New Relic Inc	NEWR	2015-05-12	2015-05-12	2015-05-26
T2663	2663	79859	New York Community Bancorp Inc	QCSB	2016-04-20	2016-04-20	2016-05-04
T2664	2664	79859	New York Community Bancorp Inc	QCSB	2015-07-22	2015-07-22	2015-08-05
T2665	2665	79859	New York Community Bancorp Inc	QCSB	2018-10-24	2018-10-24	2018-11-07
T2666	2666	79859	New York Community Bancorp Inc	QCSB	2018-04-25	2018-04-25	2018-05-09
T2667	2667	79859	New York Community Bancorp Inc	QCSB	2017-01-25	2017-01-25	2017-02-08
T2668	2668	79859	New York Community Bancorp Inc	QCSB	2017-10-25	2017-10-25	2017-11-08
T2669	2669	79859	New York Community Bancorp Inc	QCSB	2017-04-26	2017-04-26	2017-05-10
T2670	2670	79859	New York Community Bancorp Inc	QCSB	2017-07-26	2017-07-26	2017-08-09
T2671	2671	79859	New York Community Bancorp Inc	QCSB	2016-10-26	2016-10-26	2016-11-09
T2672	2672	79859	New York Community Bancorp Inc	QCSB	2016-07-27	2016-07-27	2016-08-10
T2673	2673	79859	New York Community Bancorp Inc	QCSB	2015-04-29	2015-04-29	2015-05-13
T2674	2674	79859	New York Community Bancorp Inc	QCSB	2015-01-29	2015-01-29	2015-02-12
T2675	2675	79859	New York Community Bancorp Inc	QCSB	2018-01-31	2018-01-31	2018-02-14
T2685	2685	21207	Newmont Mining Corp	NEM	2017-02-22	2017-02-22	2017-03-08
T2687	2687	82830	Nice Ltd	NICE	2018-11-08	2018-11-08	2018-11-22
T2689	2689	82830	Nice Ltd	NICE	2018-05-10	2018-05-10	2018-05-24
T2690	2690	12542	Nielsen Holdings PLC	NLSN	2016-04-20	2016-04-20	2016-05-04
T2693	2693	12542	Nielsen Holdings PLC	NLSN	2016-07-26	2016-07-26	2016-08-09
T2695	2695	12542	Nielsen Holdings PLC	NLSN	2017-07-27	2017-07-27	2017-08-10
T2702	2702	61815	Noble Energy Inc	NBL	2015-11-02	2015-11-02	2015-11-16
T2704	2704	13959	Noodles & Co	NDLS	2015-11-05	2015-11-05	2015-11-19
T2716	2716	57817	Nordstrom Inc	NOBE	2018-11-15	2018-11-15	2018-11-29
T2722	2722	64311	Norfolk Southern Corp	NSC	2018-01-24	2018-01-24	2018-02-07
T2726	2726	64311	Norfolk Southern Corp	NSC	2017-04-26	2017-04-26	2017-05-10
T2727	2727	64311	Norfolk Southern Corp	NSC	2017-07-26	2017-07-26	2017-08-09
T2729	2729	64311	Norfolk Southern Corp	NSC	2016-07-27	2016-07-27	2016-08-10
T2744	2744	13760	Norwegian Cruise Line Holdings Ltd	NCLH	2017-05-10	2017-05-10	2017-05-24
T2745	2745	13760	Norwegian Cruise Line Holdings Ltd	NCLH	2017-02-22	2017-02-22	2017-03-08
T2746	2746	88960	NuStar Energy LP	UDL	2015-01-30	2015-01-30	2015-02-13
T2747	2747	90188	NuVasive Inc	NVSE	2016-02-11	2016-02-11	2016-02-25
T2748	2748	90188	NuVasive Inc	NVSE	2017-04-25	2017-04-25	2017-05-09
T2749	2749	90188	NuVasive Inc	NVSE	2017-07-27	2017-07-27	2017-08-10
T2750	2750	90188	NuVasive Inc	NVSE	2015-10-27	2015-10-27	2015-11-10
T2751	2751	90188	NuVasive Inc	NVSE	2018-10-30	2018-10-30	2018-11-13
T2752	2752	90188	NuVasive Inc	NVSE	2018-07-31	2018-07-31	2018-08-14
T2759	2759	34817	Nucor Corp	NUE	2018-07-19	2018-07-19	2018-08-02
T2764	2764	34817	Nucor Corp	NUE	2015-04-23	2015-04-23	2015-05-07
T2766	2766	34817	Nucor Corp	NUE	2015-01-27	2015-01-27	2015-02-10
T2767	2767	34817	Nucor Corp	NUE	2018-01-30	2018-01-30	2018-02-13
T2777	2777	88182	ON Semiconductor Corp	ONNN	2015-08-03	2015-08-03	2015-08-17
T2778	2778	88182	ON Semiconductor Corp	ONNN	2017-11-06	2017-11-06	2017-11-20
T2779	2779	88182	ON Semiconductor Corp	ONNN	2017-05-08	2017-05-08	2017-05-22
T2780	2780	88182	ON Semiconductor Corp	ONNN	2017-02-13	2017-02-13	2017-02-27
T2781	2781	88182	ON Semiconductor Corp	ONNN	2015-10-29	2015-10-29	2015-11-12
T2782	2782	88182	ON Semiconductor Corp	ONNN	2018-10-29	2018-10-29	2018-11-12
T2783	2783	88182	ON Semiconductor Corp	ONNN	2018-07-30	2018-07-30	2018-08-13
T2788	2788	13352	Oaktree Capital Group LLC	OAKC	2017-02-07	2017-02-07	2017-02-21
T2789	2789	13352	Oaktree Capital Group LLC	OAKC	2015-02-09	2015-02-09	2015-02-23
T2790	2790	13352	Oaktree Capital Group LLC	OAKC	2016-02-09	2016-02-09	2016-02-23
T2791	2791	13352	Oaktree Capital Group LLC	OAKC	2017-04-27	2017-04-27	2017-05-11
T2792	2792	13352	Oaktree Capital Group LLC	OAKC	2016-04-28	2016-04-28	2016-05-12
T2793	2793	13352	Oaktree Capital Group LLC	OAKC	2016-07-28	2016-07-28	2016-08-11
T2794	2794	13352	Oaktree Capital Group LLC	OAKC	2016-10-28	2016-10-28	2016-11-11
T2795	2795	13352	Oaktree Capital Group LLC	OAKC	2015-04-30	2015-04-30	2015-05-14
T2799	2799	58975	Oceaneering International Inc	OCER	2016-07-22	2016-07-22	2016-08-05
T2800	2800	58975	Oceaneering International Inc	OCER	2015-04-23	2015-04-23	2015-05-07
T2801	2801	58975	Oceaneering International Inc	OCER	2015-07-23	2015-07-23	2015-08-06
T2804	2804	88897	Oil States International Inc	OIS	2017-04-27	2017-04-27	2017-05-11
T2812	2812	13610	Olin Corp	OLN	2018-08-01	2018-08-01	2018-08-15
T2813	2813	13610	Olin Corp	OLN	2018-05-02	2018-05-02	2018-05-16
T2814	2814	13610	Olin Corp	OLN	2018-02-07	2018-02-07	2018-02-21
T2815	2815	13610	Olin Corp	OLN	2018-10-30	2018-10-30	2018-11-13
T2816	2816	30681	Omnicom Group Inc	DOYL	2017-02-07	2017-02-07	2017-02-21
T2817	2817	30681	Omnicom Group Inc	DOYL	2015-02-10	2015-02-10	2015-02-24
T2818	2818	30681	Omnicom Group Inc	DOYL	2018-02-15	2018-02-15	2018-03-01
T2819	2819	30681	Omnicom Group Inc	DOYL	2017-10-17	2017-10-17	2017-10-31
T2820	2820	30681	Omnicom Group Inc	DOYL	2017-04-18	2017-04-18	2017-05-02
T2821	2821	30681	Omnicom Group Inc	DOYL	2016-04-19	2016-04-19	2016-05-03
T2822	2822	30681	Omnicom Group Inc	DOYL	2017-07-20	2017-07-20	2017-08-03
T2823	2823	30681	Omnicom Group Inc	DOYL	2015-10-20	2015-10-20	2015-11-03
T2824	2824	30681	Omnicom Group Inc	DOYL	2015-04-21	2015-04-21	2015-05-05
T2825	2825	15110	On Deck Capital Inc	ONDK	2015-11-02	2015-11-02	2015-11-16
T2826	2826	15110	On Deck Capital Inc	ONDK	2015-08-03	2015-08-03	2015-08-17
T2827	2827	14578	Opower Inc	0033	2016-02-29	2016-02-29	2016-03-14
T2828	2828	10104	Oracle Corp	ORCL	2017-03-15	2017-03-15	2017-03-29
T2829	2829	10104	Oracle Corp	ORCL	2016-09-15	2016-09-15	2016-09-29
T2830	2830	10104	Oracle Corp	ORCL	2017-06-21	2017-06-21	2017-07-05
T2831	2831	90756	Oshkosh Corp	OTRK	2018-11-01	2018-11-01	2018-11-15
T2832	2832	90756	Oshkosh Corp	OTRK	2018-04-26	2018-04-26	2018-05-10
T2833	2833	90756	Oshkosh Corp	OTRK	2018-07-31	2018-07-31	2018-08-14
T2834	2834	60506	PACCAR Inc	PCAR	2015-04-21	2015-04-21	2015-05-05
T2835	2835	60506	PACCAR Inc	PCAR	2018-04-24	2018-04-24	2018-05-08
T2836	2836	60506	PACCAR Inc	PCAR	2018-07-24	2018-07-24	2018-08-07
T2837	2837	60506	PACCAR Inc	PCAR	2015-10-27	2015-10-27	2015-11-10
T2839	2839	60506	PACCAR Inc	PCAR	2016-01-29	2016-01-29	2016-02-12
T2841	2841	16961	PQ Group Holdings Inc	PQG	2018-11-06	2018-11-06	2018-11-20
T2842	2842	13936	PVH Corp	PVH	2017-03-23	2017-03-23	2017-04-06
T2843	2843	13936	PVH Corp	PVH	2017-05-25	2017-05-25	2017-06-08
T2844	2844	17254	PagSeguro Digital Ltd	PAGS	2018-08-30	2018-08-30	2018-09-13
T2845	2845	13511	Palo Alto Networks Inc	PLLO	2018-06-04	2018-06-04	2018-06-18
T2847	2847	13511	Palo Alto Networks Inc	PLLO	2015-09-09	2015-09-09	2015-09-23
T2849	2849	13511	Palo Alto Networks Inc	PLLO	2015-11-23	2015-11-23	2015-12-07
T2851	2851	13511	Palo Alto Networks Inc	PLLO	2015-05-27	2015-05-27	2015-06-10
T2853	2853	13511	Palo Alto Networks Inc	PLLO	2017-05-31	2017-05-31	2017-06-14
T2854	2854	12873	Pandora Media Inc	PPPP	2017-05-08	2017-05-08	2017-05-22
T2855	2855	12873	Pandora Media Inc	PPPP	2017-02-09	2017-02-09	2017-02-23
T2856	2856	12873	Pandora Media Inc	PPPP	2016-07-21	2016-07-21	2016-08-04
T2857	2857	12873	Pandora Media Inc	PPPP	2015-07-23	2015-07-23	2015-08-06
T2858	2858	12873	Pandora Media Inc	PPPP	2016-04-28	2016-04-28	2016-05-12
T2859	2859	76695	Panera Bread Co	ABP1	2016-02-10	2016-02-10	2016-02-24
T2860	2860	76695	Panera Bread Co	ABP1	2016-04-27	2016-04-27	2016-05-11
T2861	2861	76695	Panera Bread Co	ABP1	2016-07-27	2016-07-27	2016-08-10
T2862	2862	76695	Panera Bread Co	ABP1	2015-10-28	2015-10-28	2015-11-11
T2863	2863	76695	Panera Bread Co	ABP1	2015-04-29	2015-04-29	2015-05-13
T2864	2864	76695	Panera Bread Co	ABP1	2015-07-29	2015-07-29	2015-08-12
T2865	2865	41355	Parker-Hannifin Corp	PH	2016-01-26	2016-01-26	2016-02-09
T2867	2867	14634	Parsley Energy Inc	0045	2017-08-03	2017-08-03	2017-08-17
T2868	2868	14634	Parsley Energy Inc	0045	2016-08-04	2016-08-04	2016-08-18
T2870	2870	14634	Parsley Energy Inc	0045	2017-02-24	2017-02-24	2017-03-10
T2871	2871	15327	Party City Holdco Inc	PRTY	2016-08-04	2016-08-04	2016-08-18
T2874	2874	15327	Party City Holdco Inc	PRTY	2016-11-10	2016-11-10	2016-11-24
T2875	2875	15327	Party City Holdco Inc	PRTY	2016-05-12	2016-05-12	2016-05-26
T2876	2876	16159	Patheon NV	PTHN	2017-03-16	2017-03-16	2017-03-30
T2877	2877	14168	Pattern Energy Group Inc	GEPI	2016-05-09	2016-05-09	2016-05-23
T2878	2878	78034	Patterson Companies Inc	PDCO	2018-12-06	2018-12-06	2018-12-20
T2879	2879	78034	Patterson Companies Inc	PDCO	2018-06-21	2018-06-21	2018-07-05
T2880	2880	78034	Patterson Companies Inc	PDCO	2017-11-21	2017-11-21	2017-12-05
T2881	2881	78034	Patterson Companies Inc	PDCO	2018-08-30	2018-08-30	2018-09-13
T2882	2882	15488	PayPal Holdings Inc	PYPLV	2018-10-18	2018-10-18	2018-11-01
T2884	2884	61621	Paychex Inc	PAYX	2017-10-03	2017-10-03	2017-10-17
T2885	2885	61621	Paychex Inc	PAYX	2017-12-21	2017-12-21	2018-01-04
T2887	2887	80563	Penn National Gaming Inc	PENN	2018-02-08	2018-02-08	2018-02-22
T2888	2888	80563	Penn National Gaming Inc	PENN	2015-04-23	2015-04-23	2015-05-07
T2889	2889	80563	Penn National Gaming Inc	PENN	2018-04-26	2018-04-26	2018-05-10
T2890	2890	80563	Penn National Gaming Inc	PENN	2017-10-26	2017-10-26	2017-11-09
T2891	2891	80563	Penn National Gaming Inc	PENN	2017-04-27	2017-04-27	2017-05-11
T2892	2892	80563	Penn National Gaming Inc	PENN	2016-10-27	2016-10-27	2016-11-10
T2893	2893	80563	Penn National Gaming Inc	PENN	2015-01-29	2015-01-29	2015-02-12
T2895	2895	12073	People's United Financial Inc	PBCT	2015-10-15	2015-10-15	2015-10-29
T2897	2897	12073	People's United Financial Inc	PBCT	2017-01-19	2017-01-19	2017-02-02
T2898	2898	12073	People's United Financial Inc	PBCT	2018-07-19	2018-07-19	2018-08-02
T2899	2899	12073	People's United Financial Inc	PBCT	2016-10-20	2016-10-20	2016-11-03
T2904	2904	13856	PepsiCo Inc	PEP	2018-07-10	2018-07-10	2018-07-24
T2905	2905	13856	PepsiCo Inc	PEP	2016-02-11	2016-02-11	2016-02-25
T2906	2906	13856	PepsiCo Inc	PEP	2017-07-11	2017-07-11	2017-07-25
T2908	2908	13856	PepsiCo Inc	PEP	2016-04-18	2016-04-18	2016-05-02
T2912	2912	15724	Performance Food Group Co	00V5	2016-05-04	2016-05-04	2016-05-18
T2913	2913	15724	Performance Food Group Co	00V5	2017-02-08	2017-02-08	2017-02-22
T2916	2916	15724	Performance Food Group Co	00V5	2018-05-09	2018-05-09	2018-05-23
T2917	2917	15724	Performance Food Group Co	00V5	2017-05-10	2017-05-10	2017-05-24
T2918	2918	15724	Performance Food Group Co	00V5	2018-08-15	2018-08-15	2018-08-29
T2919	2919	15724	Performance Food Group Co	00V5	2017-08-16	2017-08-16	2017-08-30
T2920	2920	15724	Performance Food Group Co	00V5	2016-08-17	2016-08-17	2016-08-31
T2921	2921	13559	Performant Financial Corp	PFMT	2015-08-05	2015-08-05	2015-08-19
T2922	2922	13559	Performant Financial Corp	PFMT	2015-05-06	2015-05-06	2015-05-20
T2923	2923	42200	PerkinElmer Inc	EGG	2018-08-01	2018-08-01	2018-08-15
T2924	2924	42200	PerkinElmer Inc	EGG	2017-02-02	2017-02-02	2017-02-16
T2925	2925	42200	PerkinElmer Inc	EGG	2017-11-02	2017-11-02	2017-11-16
T2926	2926	42200	PerkinElmer Inc	EGG	2016-08-04	2016-08-04	2016-08-18
T2927	2927	42200	PerkinElmer Inc	EGG	2017-05-04	2017-05-04	2017-05-18
T2928	2928	42200	PerkinElmer Inc	EGG	2016-11-07	2016-11-07	2016-11-21
T2929	2929	42200	PerkinElmer Inc	EGG	2018-01-25	2018-01-25	2018-02-08
T2930	2930	42200	PerkinElmer Inc	EGG	2018-10-31	2018-10-31	2018-11-14
T2933	2933	77182	Perrigo Company PLC	PRGO	2018-08-09	2018-08-09	2018-08-23
T2935	2935	77182	Perrigo Company PLC	PRGO	2017-08-10	2017-08-10	2017-08-24
T2936	2936	77182	Perrigo Company PLC	PRGO	2016-11-10	2016-11-10	2016-11-24
T2938	2938	21936	Pfizer Inc	PFE	2017-08-01	2017-08-01	2017-08-15
T2939	2939	21936	Pfizer Inc	PFE	2016-11-01	2016-11-01	2016-11-15
T2940	2940	21936	Pfizer Inc	PFE	2016-08-02	2016-08-02	2016-08-16
T2941	2941	21936	Pfizer Inc	PFE	2016-02-02	2016-02-02	2016-02-16
T2942	2942	21936	Pfizer Inc	PFE	2017-05-02	2017-05-02	2017-05-16
T2943	2943	21936	Pfizer Inc	PFE	2016-05-03	2016-05-03	2016-05-17
T2944	2944	21936	Pfizer Inc	PFE	2015-01-27	2015-01-27	2015-02-10
T2945	2945	21936	Pfizer Inc	PFE	2015-07-28	2015-07-28	2015-08-11
T2946	2946	21936	Pfizer Inc	PFE	2018-01-30	2018-01-30	2018-02-13
T2947	2947	21936	Pfizer Inc	PFE	2018-10-30	2018-10-30	2018-11-13
T2948	2948	21936	Pfizer Inc	PFE	2017-01-31	2017-01-31	2017-02-14
T2949	2949	21936	Pfizer Inc	PFE	2017-10-31	2017-10-31	2017-11-14
T2950	2950	14603	Phibro Animal Health Corp	003K	2017-11-07	2017-11-07	2017-11-21
T2951	2951	14603	Phibro Animal Health Corp	003K	2015-02-10	2015-02-10	2015-02-24
T2952	2952	14603	Phibro Animal Health Corp	003K	2016-02-10	2016-02-10	2016-02-24
T2953	2953	14603	Phibro Animal Health Corp	003K	2015-05-12	2015-05-12	2015-05-26
T2954	2954	14603	Phibro Animal Health Corp	003K	2018-08-28	2018-08-28	2018-09-11
T2956	2956	14035	Phillips 66 Partners LP	PSXP	2017-08-01	2017-08-01	2017-08-15
T2957	2957	14035	Phillips 66 Partners LP	PSXP	2018-02-02	2018-02-02	2018-02-16
T2961	2961	51692	Pier 1 Imports Inc	PIR	2016-09-28	2016-09-28	2016-10-12
T2964	2964	13818	Pinnacle Foods Inc	PNNF	2017-07-27	2017-07-27	2017-08-10
T2966	2966	13818	Pinnacle Foods Inc	PNNF	2015-07-30	2015-07-30	2015-08-13
T2969	2969	75241	Pioneer Natural Resources Co	PDP	2016-04-26	2016-04-26	2016-05-10
T2972	2972	89858	Plains All American Pipeline LP	PIPE	2017-02-08	2017-02-08	2017-02-22
T2973	2973	89858	Plains All American Pipeline LP	PIPE	2017-05-09	2017-05-09	2017-05-23
T2974	2974	14406	Platform Specialty Products Corp	PLAH	2018-11-01	2018-11-01	2018-11-15
T2975	2975	14406	Platform Specialty Products Corp	PLAH	2017-11-02	2017-11-02	2017-11-16
T2976	2976	14406	Platform Specialty Products Corp	PLAH	2018-02-27	2018-02-27	2018-03-13
T2977	2977	14406	Platform Specialty Products Corp	PLAH	2017-02-28	2017-02-28	2017-03-14
T2978	2978	16505	Popular Inc	BDEP	2015-10-23	2015-10-23	2015-11-06
T2979	2979	16505	Popular Inc	BDEP	2018-04-24	2018-04-24	2018-05-08
T2980	2980	16505	Popular Inc	BDEP	2017-01-24	2017-01-24	2017-02-07
T2981	2981	16505	Popular Inc	BDEP	2015-07-24	2015-07-24	2015-08-07
T2982	2982	16505	Popular Inc	BDEP	2016-04-25	2016-04-25	2016-05-09
T2983	2983	16505	Popular Inc	BDEP	2016-10-25	2016-10-25	2016-11-08
T2984	2984	16505	Popular Inc	BDEP	2016-01-26	2016-01-26	2016-02-09
T2985	2985	16505	Popular Inc	BDEP	2016-07-26	2016-07-26	2016-08-09
T2986	2986	16505	Popular Inc	BDEP	2017-07-26	2017-07-26	2017-08-09
T2987	2987	16505	Popular Inc	BDEP	2015-04-27	2015-04-27	2015-05-11
T2988	2988	16505	Popular Inc	BDEP	2017-10-31	2017-10-31	2017-11-14
T2989	2989	77768	Praxair Inc	PX1	2017-01-26	2017-01-26	2017-02-09
T2990	2990	77768	Praxair Inc	PX1	2018-07-26	2018-07-26	2018-08-09
T2991	2991	77768	Praxair Inc	PX1	2017-04-27	2017-04-27	2017-05-11
T2992	2992	77768	Praxair Inc	PX1	2017-07-27	2017-07-27	2017-08-10
T2993	2993	77768	Praxair Inc	PX1	2016-10-27	2016-10-27	2016-11-10
T2994	2994	77768	Praxair Inc	PX1	2015-01-28	2015-01-28	2015-02-11
T2995	2995	77768	Praxair Inc	PX1	2016-07-28	2016-07-28	2016-08-11
T2996	2996	77768	Praxair Inc	PX1	2016-01-29	2016-01-29	2016-02-12
T2997	2997	77768	Praxair Inc	PX1	2015-10-29	2015-10-29	2015-11-12
T3008	3008	18163	Procter & Gamble Co	PG	2015-01-27	2015-01-27	2015-02-10
T3012	3012	85592	Prologis Inc	AMBP	2015-07-21	2015-07-21	2015-08-04
T3013	3013	13377	Proofpoint Inc	PFPT	2016-10-20	2016-10-20	2016-11-03
T3014	3014	13377	Proofpoint Inc	PFPT	2016-04-21	2016-04-21	2016-05-05
T3015	3015	13377	Proofpoint Inc	PFPT	2017-01-26	2017-01-26	2017-02-09
T3016	3016	13377	Proofpoint Inc	PFPT	2016-01-28	2016-01-28	2016-02-11
T3017	3017	86432	Prosperity Bancshares Inc	PRSP	2018-01-24	2018-01-24	2018-02-07
T3018	3018	86432	Prosperity Bancshares Inc	PRSP	2015-07-24	2015-07-24	2015-08-07
T3019	3019	89258	Prudential Financial Inc	PRU	2016-08-04	2016-08-04	2016-08-18
T3020	3020	89258	Prudential Financial Inc	PRU	2015-11-05	2015-11-05	2015-11-19
T3021	3021	89258	Prudential Financial Inc	PRU	2015-05-07	2015-05-07	2015-05-21
T3025	3025	15729	Pure Storage Inc	PSTG	2018-03-01	2018-03-01	2018-03-15
T3026	3026	15729	Pure Storage Inc	PSTG	2016-03-02	2016-03-02	2016-03-16
T3027	3027	15729	Pure Storage Inc	PSTG	2018-11-19	2018-11-19	2018-12-03
T3028	3028	15729	Pure Storage Inc	PSTG	2018-08-21	2018-08-21	2018-09-04
T3029	3029	15729	Pure Storage Inc	PSTG	2018-05-21	2018-05-21	2018-06-04
T3030	3030	15729	Pure Storage Inc	PSTG	2017-08-24	2017-08-24	2017-09-07
T3031	3031	15729	Pure Storage Inc	PSTG	2017-05-24	2017-05-24	2017-06-07
T3032	3032	15729	Pure Storage Inc	PSTG	2017-11-28	2017-11-28	2017-12-12
T3033	3033	15729	Pure Storage Inc	PSTG	2016-11-30	2016-11-30	2016-12-14
T3035	3035	14516	Q2 Holdings Inc	QTWO	2016-11-03	2016-11-03	2016-11-17
T3036	3036	14516	Q2 Holdings Inc	QTWO	2017-05-04	2017-05-04	2017-05-18
T3037	3037	80266	QLogic Corp	QLGC	2015-10-22	2015-10-22	2015-11-05
T3038	3038	80266	QLogic Corp	QLGC	2015-04-30	2015-04-30	2015-05-14
T3039	3039	80266	QLogic Corp	QLGC	2015-07-30	2015-07-30	2015-08-13
T3040	3040	83686	Qiagen NV	QGEN	2018-02-01	2018-02-01	2018-02-15
T3041	3041	83686	Qiagen NV	QGEN	2017-02-02	2017-02-02	2017-02-16
T3042	3042	83686	Qiagen NV	QGEN	2016-02-03	2016-02-03	2016-02-17
T3043	3043	83686	Qiagen NV	QGEN	2017-11-07	2017-11-07	2017-11-21
T3044	3044	83686	Qiagen NV	QGEN	2015-10-29	2015-10-29	2015-11-12
T3059	3059	16397	Quantenna Communications Inc	QTNA	2017-11-06	2017-11-06	2017-11-20
T3060	3060	16397	Quantenna Communications Inc	QTNA	2017-08-07	2017-08-07	2017-08-21
T3061	3061	16397	Quantenna Communications Inc	QTNA	2018-07-30	2018-07-30	2018-08-13
T3062	3062	17019	Qudian Inc	QD	2018-05-21	2018-05-21	2018-06-04
T3063	3063	16004	Quorum Health Corp	QHC	2018-11-07	2018-11-07	2018-11-21
T3065	3065	16560	REV Group Inc	REVG	2018-09-06	2018-09-06	2018-09-20
T3066	3066	16560	REV Group Inc	REVG	2018-03-08	2018-03-08	2018-03-22
T3067	3067	16998	RISE Education Cayman Ltd	REDU	2018-05-11	2018-05-11	2018-05-25
T3068	3068	16998	RISE Education Cayman Ltd	REDU	2018-11-16	2018-11-16	2018-11-30
T3069	3069	14408	RSP Permian Inc	RSPP	2016-11-02	2016-11-02	2016-11-16
T3070	3070	14408	RSP Permian Inc	RSPP	2017-02-28	2017-02-28	2017-03-14
T3071	3071	92765	Rackspace Hosting Inc	RAX	2016-05-09	2016-05-09	2016-05-23
T3072	3072	92765	Rackspace Hosting Inc	RAX	2015-08-10	2015-08-10	2015-08-24
T3073	3073	92765	Rackspace Hosting Inc	RAX	2015-05-11	2015-05-11	2015-05-25
T3074	3074	92765	Rackspace Hosting Inc	RAX	2015-02-17	2015-02-17	2015-03-03
T3075	3075	14707	Radius Health Inc	0070	2018-05-10	2018-05-10	2018-05-24
T3076	3076	85072	Ralph Lauren Corp	RAL1	2017-02-02	2017-02-02	2017-02-16
T3077	3077	85072	Ralph Lauren Corp	RAL1	2017-11-02	2017-11-02	2017-11-16
T3079	3079	85072	Ralph Lauren Corp	RAL1	2015-11-05	2015-11-05	2015-11-19
T3080	3080	85072	Ralph Lauren Corp	RAL1	2016-08-10	2016-08-10	2016-08-24
T3081	3081	85072	Ralph Lauren Corp	RAL1	2016-11-10	2016-11-10	2016-11-24
T3082	3082	85072	Ralph Lauren Corp	RAL1	2015-05-13	2015-05-13	2015-05-27
T3083	3083	85072	Ralph Lauren Corp	RAL1	2017-05-18	2017-05-18	2017-06-01
T3092	3092	87184	Red Hat Inc	RHAT	2015-12-17	2015-12-17	2015-12-31
T3093	3093	87184	Red Hat Inc	RHAT	2015-06-18	2015-06-18	2015-07-02
T3094	3094	87184	Red Hat Inc	RHAT	2017-12-19	2017-12-19	2018-01-02
T3095	3095	87184	Red Hat Inc	RHAT	2017-09-25	2017-09-25	2017-10-09
T3096	3096	87184	Red Hat Inc	RHAT	2018-03-26	2018-03-26	2018-04-09
T3097	3097	87184	Red Hat Inc	RHAT	2017-03-27	2017-03-27	2017-04-10
T3106	3106	89453	Red Robin Gourmet Burgers Inc	RRGB	2015-05-19	2015-05-19	2015-06-02
T3108	3108	58771	Regal Beloit Corp	RBC	2017-02-07	2017-02-07	2017-02-21
T3109	3109	58771	Regal Beloit Corp	RBC	2016-08-09	2016-08-09	2016-08-23
T3110	3110	58771	Regal Beloit Corp	RBC	2015-11-09	2015-11-09	2015-11-23
T3111	3111	58771	Regal Beloit Corp	RBC	2016-05-10	2016-05-10	2016-05-24
T3112	3112	89409	Regal Entertainment Group	RGCE	2017-10-24	2017-10-24	2017-11-07
T3113	3113	89409	Regal Entertainment Group	RGCE	2015-10-27	2015-10-27	2015-11-10
T3116	3116	76614	Regeneron Pharmaceuticals Inc	REGN	2015-08-04	2015-08-04	2015-08-18
T3128	3128	83728	Renaissancere Holdings Ltd	RNRE	2017-02-01	2017-02-01	2017-02-15
T3129	3129	83728	Renaissancere Holdings Ltd	RNRE	2018-02-01	2018-02-01	2018-02-15
T3133	3133	83728	Renaissancere Holdings Ltd	RNRE	2016-02-03	2016-02-03	2016-02-17
T3134	3134	83728	Renaissancere Holdings Ltd	RNRE	2017-05-03	2017-05-03	2017-05-17
T3135	3135	83728	Renaissancere Holdings Ltd	RNRE	2015-11-05	2015-11-05	2015-11-19
T3136	3136	83728	Renaissancere Holdings Ltd	RNRE	2015-05-06	2015-05-06	2015-05-20
T3137	3137	83728	Renaissancere Holdings Ltd	RNRE	2018-07-25	2018-07-25	2018-08-08
T3138	3138	83728	Renaissancere Holdings Ltd	RNRE	2017-07-26	2017-07-26	2017-08-09
T3139	3139	83728	Renaissancere Holdings Ltd	RNRE	2016-04-27	2016-04-27	2016-05-11
T3140	3140	83728	Renaissancere Holdings Ltd	RNRE	2015-07-29	2015-07-29	2015-08-12
T3141	3141	83728	Renaissancere Holdings Ltd	RNRE	2018-10-31	2018-10-31	2018-11-14
T3143	3143	81736	ResMed Inc	RES2	2016-01-21	2016-01-21	2016-02-04
T3144	3144	81736	ResMed Inc	RES2	2015-01-22	2015-01-22	2015-02-05
T3146	3146	81736	ResMed Inc	RES2	2015-10-22	2015-10-22	2015-11-05
T3147	3147	81736	ResMed Inc	RES2	2015-04-23	2015-04-23	2015-05-07
T3148	3148	81736	ResMed Inc	RES2	2017-01-23	2017-01-23	2017-02-06
T3149	3149	81736	ResMed Inc	RES2	2016-10-25	2016-10-25	2016-11-08
T3150	3150	81736	ResMed Inc	RES2	2018-10-25	2018-10-25	2018-11-08
T3151	3151	81736	ResMed Inc	RES2	2018-04-26	2018-04-26	2018-05-10
T3152	3152	81736	ResMed Inc	RES2	2017-04-27	2017-04-27	2017-05-11
T3153	3153	15113	Restaurant Brands International Inc	00AP	2018-08-01	2018-08-01	2018-08-15
T3155	3155	15113	Restaurant Brands International Inc	00AP	2018-02-12	2018-02-12	2018-02-26
T3156	3156	15113	Restaurant Brands International Inc	00AP	2016-02-16	2016-02-16	2016-03-01
T3157	3157	15113	Restaurant Brands International Inc	00AP	2018-04-24	2018-04-24	2018-05-08
T3158	3158	15113	Restaurant Brands International Inc	00AP	2018-10-24	2018-10-24	2018-11-07
T3160	3160	15113	Restaurant Brands International Inc	00AP	2015-07-27	2015-07-27	2015-08-10
T3162	3162	14057	RetailMeNot Inc	SALE	2016-11-01	2016-11-01	2016-11-15
T3163	3163	14057	RetailMeNot Inc	SALE	2015-08-05	2015-08-05	2015-08-19
T3171	3171	84381	Rockwell Automation Inc	ROK	2017-07-26	2017-07-26	2017-08-09
T3174	3174	84381	Rockwell Automation Inc	ROK	2016-07-27	2016-07-27	2016-08-10
T3178	3178	89014	Rockwell Collins Inc	COLS	2017-07-28	2017-07-28	2017-08-11
T3192	3192	45495	Rowan Companies PLC	RDC	2017-05-02	2017-05-02	2017-05-16
T3193	3193	14580	Rubicon Project Inc	RUBI	2016-02-23	2016-02-23	2016-03-08
T3195	3195	23085	SCANA Corp	SCG	2017-02-16	2017-02-16	2017-03-02
T3197	3197	15647	SPX FLOW Inc	00UX	2017-11-01	2017-11-01	2017-11-15
T3198	3198	15647	SPX FLOW Inc	00UX	2017-02-08	2017-02-08	2017-02-22
T3206	3206	11786	SVB Financial Group	SIVB	2016-10-20	2016-10-20	2016-11-03
T3208	3208	11786	SVB Financial Group	SIVB	2016-07-21	2016-07-21	2016-08-04
T3213	3213	11786	SVB Financial Group	SIVB	2018-04-26	2018-04-26	2018-05-10
T3223	3223	14608	Sabre Corp	0041	2016-02-09	2016-02-09	2016-02-23
T3224	3224	14608	Sabre Corp	0041	2018-02-14	2018-02-14	2018-02-28
T3225	3225	14608	Sabre Corp	0041	2018-10-30	2018-10-30	2018-11-13
T3226	3226	14608	Sabre Corp	0041	2018-07-31	2018-07-31	2018-08-14
T3227	3227	14608	Sabre Corp	0041	2017-10-31	2017-10-31	2017-11-14
T3228	3228	92679	Safe Bulkers Inc	SBY	2015-11-10	2015-11-10	2015-11-24
T3229	3229	92679	Safe Bulkers Inc	SBY	2018-02-15	2018-02-15	2018-03-01
T3233	3233	89506	Saia Inc	SCST	2018-08-01	2018-08-01	2018-08-15
T3235	3235	89506	Saia Inc	SCST	2016-04-27	2016-04-27	2016-05-11
T3238	3238	90215	Salesforce.com Inc	CRMN	2015-11-18	2015-11-18	2015-12-02
T3239	3239	90215	Salesforce.com Inc	CRMN	2017-08-22	2017-08-22	2017-09-05
T3240	3240	90215	Salesforce.com Inc	CRMN	2016-02-24	2016-02-24	2016-03-09
T3241	3241	90215	Salesforce.com Inc	CRMN	2018-02-28	2018-02-28	2018-03-14
T3242	3242	90215	Salesforce.com Inc	CRMN	2018-08-29	2018-08-29	2018-09-12
T3243	3243	90215	Salesforce.com Inc	CRMN	2018-05-29	2018-05-29	2018-06-12
T3244	3244	90215	Salesforce.com Inc	CRMN	2016-08-31	2016-08-31	2016-09-14
T3246	3246	91683	Sally Beauty Holdings Inc	SBHI	2017-08-03	2017-08-03	2017-08-17
T3248	3248	91683	Sally Beauty Holdings Inc	SBHI	2015-05-05	2015-05-05	2015-05-19
T3249	3249	91683	Sally Beauty Holdings Inc	SBHI	2015-08-06	2015-08-06	2015-08-20
T3250	3250	91683	Sally Beauty Holdings Inc	SBHI	2018-02-08	2018-02-08	2018-02-22
T3254	3254	91683	Sally Beauty Holdings Inc	SBHI	2017-11-15	2017-11-15	2017-11-29
T3255	3255	11343	Sanderson Farms Inc	SAFM	2017-12-14	2017-12-14	2017-12-28
T3256	3256	14414	Santander Consumer USA Holdings Inc	SCUS	2015-02-03	2015-02-03	2015-02-17
T3257	3257	14414	Santander Consumer USA Holdings Inc	SCUS	2018-04-24	2018-04-24	2018-05-08
T3258	3258	14414	Santander Consumer USA Holdings Inc	SCUS	2018-07-25	2018-07-25	2018-08-08
T3259	3259	14414	Santander Consumer USA Holdings Inc	SCUS	2016-04-27	2016-04-27	2016-05-11
T3260	3260	14414	Santander Consumer USA Holdings Inc	SCUS	2015-04-28	2015-04-28	2015-05-12
T3261	3261	14414	Santander Consumer USA Holdings Inc	SCUS	2017-07-28	2017-07-28	2017-08-11
T3262	3262	14414	Santander Consumer USA Holdings Inc	SCUS	2015-10-29	2015-10-29	2015-11-12
T3263	3263	14414	Santander Consumer USA Holdings Inc	SCUS	2015-07-30	2015-07-30	2015-08-13
T3264	3264	14414	Santander Consumer USA Holdings Inc	SCUS	2018-01-31	2018-01-31	2018-02-14
T3267	3267	14277	Schlumberger NV	SLB	2015-01-16	2015-01-16	2015-01-30
T3268	3268	14277	Schlumberger NV	SLB	2015-10-16	2015-10-16	2015-10-30
T3269	3269	14277	Schlumberger NV	SLB	2015-04-17	2015-04-17	2015-05-01
T3270	3270	14277	Schlumberger NV	SLB	2015-07-17	2015-07-17	2015-07-31
T3271	3271	14277	Schlumberger NV	SLB	2017-01-20	2017-01-20	2017-02-03
T3272	3272	14277	Schlumberger NV	SLB	2017-10-20	2017-10-20	2017-11-03
T3273	3273	14277	Schlumberger NV	SLB	2017-04-21	2017-04-21	2017-05-05
T3274	3274	14277	Schlumberger NV	SLB	2017-07-21	2017-07-21	2017-08-04
T3275	3275	14277	Schlumberger NV	SLB	2016-10-21	2016-10-21	2016-11-04
T3276	3276	14277	Schlumberger NV	SLB	2016-04-22	2016-04-22	2016-05-06
T3277	3277	14277	Schlumberger NV	SLB	2016-07-22	2016-07-22	2016-08-05
T3280	3280	16648	Schneider National Inc	SNDR	2018-08-02	2018-08-02	2018-08-16
T3283	3283	79866	Schnitzer Steel Industries Inc	SCHN	2017-01-05	2017-01-05	2017-01-19
T3284	3284	79866	Schnitzer Steel Industries Inc	SCHN	2016-04-06	2016-04-06	2016-04-20
T3285	3285	79866	Schnitzer Steel Industries Inc	SCHN	2015-04-07	2015-04-07	2015-04-21
T3286	3286	79866	Schnitzer Steel Industries Inc	SCHN	2016-01-07	2016-01-07	2016-01-21
T3287	3287	79866	Schnitzer Steel Industries Inc	SCHN	2018-01-09	2018-01-09	2018-01-23
T3288	3288	79866	Schnitzer Steel Industries Inc	SCHN	2017-10-24	2017-10-24	2017-11-07
T3289	3289	14344	Scorpio Bulkers Inc	SATL	2018-02-05	2018-02-05	2018-02-19
T3290	3290	14344	Scorpio Bulkers Inc	SATL	2018-07-23	2018-07-23	2018-08-06
T3291	3291	14344	Scorpio Bulkers Inc	SATL	2017-10-23	2017-10-23	2017-11-06
T3301	3301	89641	Seagate Technology PLC	SEAA	2018-05-01	2018-05-01	2018-05-15
T3302	3302	89641	Seagate Technology PLC	SEAA	2018-11-02	2018-11-02	2018-11-16
T3303	3303	89641	Seagate Technology PLC	SEAA	2015-04-17	2015-04-17	2015-05-01
T3304	3304	89641	Seagate Technology PLC	SEAA	2017-10-23	2017-10-23	2017-11-06
T3305	3305	89641	Seagate Technology PLC	SEAA	2017-07-25	2017-07-25	2017-08-08
T3306	3306	89641	Seagate Technology PLC	SEAA	2015-01-26	2015-01-26	2015-02-09
T3307	3307	89641	Seagate Technology PLC	SEAA	2018-01-29	2018-01-29	2018-02-12
T3308	3308	89641	Seagate Technology PLC	SEAA	2018-07-30	2018-07-30	2018-08-13
T3309	3309	88949	Seattle Genetics Inc	SGEN	2018-02-06	2018-02-06	2018-02-20
T3310	3310	16020	Secureworks Corp	SCWX	2016-09-07	2016-09-07	2016-09-21
T3311	3311	86136	Sempra Energy	SDO	2018-08-06	2018-08-06	2018-08-20
T3312	3312	17097	SendGrid Inc	SEND	2018-05-01	2018-05-01	2018-05-15
T3313	3313	17097	SendGrid Inc	SEND	2018-07-31	2018-07-31	2018-08-14
T3334	3334	90219	Ship Finance International Ltd	SFLI	2015-11-24	2015-11-24	2015-12-08
T3335	3335	90219	Ship Finance International Ltd	SFLI	2015-08-26	2015-08-26	2015-09-09
T3336	3336	90219	Ship Finance International Ltd	SFLI	2015-02-26	2015-02-26	2015-03-12
T3337	3337	90219	Ship Finance International Ltd	SFLI	2018-02-27	2018-02-27	2018-03-13
T3338	3338	90219	Ship Finance International Ltd	SFLI	2016-11-29	2016-11-29	2016-12-13
T3339	3339	90219	Ship Finance International Ltd	SFLI	2017-05-30	2017-05-30	2017-06-13
T3345	3345	15358	Shopify Inc	00QG	2018-10-25	2018-10-25	2018-11-08
T3350	3350	90744	Silicon Motion Technology Corp	SIMO	2017-08-01	2017-08-01	2017-08-15
T3351	3351	90744	Silicon Motion Technology Corp	SIMO	2018-08-01	2018-08-01	2018-08-15
T3352	3352	90744	Silicon Motion Technology Corp	SIMO	2016-07-22	2016-07-22	2016-08-05
T3353	3353	90744	Silicon Motion Technology Corp	SIMO	2015-04-28	2015-04-28	2015-05-12
T3354	3354	90744	Silicon Motion Technology Corp	SIMO	2017-04-28	2017-04-28	2017-05-12
T3355	3355	90744	Silicon Motion Technology Corp	SIMO	2015-07-28	2015-07-28	2015-08-11
T3356	3356	90744	Silicon Motion Technology Corp	SIMO	2016-10-28	2016-10-28	2016-11-11
T3357	3357	90744	Silicon Motion Technology Corp	SIMO	2016-01-29	2016-01-29	2016-02-12
T3358	3358	90744	Silicon Motion Technology Corp	SIMO	2015-10-29	2015-10-29	2015-11-12
T3364	3364	86949	Skechers USA Inc	SKX	2016-02-10	2016-02-10	2016-02-24
T3367	3367	86949	Skechers USA Inc	SKX	2017-04-20	2017-04-20	2017-05-04
T3369	3369	86949	Skechers USA Inc	SKX	2016-10-20	2016-10-20	2016-11-03
T3370	3370	86949	Skechers USA Inc	SKX	2016-04-21	2016-04-21	2016-05-05
T3371	3371	86949	Skechers USA Inc	SKX	2016-07-21	2016-07-21	2016-08-04
T3373	3373	12922	Skullcandy Inc	SKUL	2015-05-05	2015-05-05	2015-05-19
T3382	3382	14915	Smart & Final Stores Inc	00C5	2016-05-03	2016-05-03	2016-05-17
T3383	3383	14915	Smart & Final Stores Inc	00C5	2015-11-11	2015-11-11	2015-11-25
T3384	3384	14915	Smart & Final Stores Inc	00C5	2018-11-14	2018-11-14	2018-11-28
T3385	3385	14915	Smart & Final Stores Inc	00C5	2017-11-15	2017-11-15	2017-11-29
T3386	3386	14915	Smart & Final Stores Inc	00C5	2016-11-16	2016-11-16	2016-11-30
T3387	3387	14915	Smart & Final Stores Inc	00C5	2017-07-25	2017-07-25	2017-08-08
T3388	3388	14915	Smart & Final Stores Inc	00C5	2018-07-25	2018-07-25	2018-08-08
T3391	3391	13711	SolarCity Corp	SCTY	2015-10-29	2015-10-29	2015-11-12
T3392	3392	76568	Sonic Corp	SONC	2017-01-04	2017-01-04	2017-01-18
T3393	3393	76568	Sonic Corp	SONC	2018-01-04	2018-01-04	2018-01-18
T3394	3394	76568	Sonic Corp	SONC	2016-01-05	2016-01-05	2016-01-19
T3395	3395	76568	Sonic Corp	SONC	2015-01-06	2015-01-06	2015-01-20
T3396	3396	76568	Sonic Corp	SONC	2017-10-16	2017-10-16	2017-10-30
T3397	3397	76568	Sonic Corp	SONC	2015-06-22	2015-06-22	2015-07-06
T3398	3398	76568	Sonic Corp	SONC	2017-06-22	2017-06-22	2017-07-06
T3399	3399	76568	Sonic Corp	SONC	2016-06-23	2016-06-23	2016-07-07
T3400	3400	76568	Sonic Corp	SONC	2016-10-24	2016-10-24	2016-11-07
T3401	3401	76568	Sonic Corp	SONC	2018-06-26	2018-06-26	2018-07-10
T3402	3402	76568	Sonic Corp	SONC	2017-03-28	2017-03-28	2017-04-11
T3403	3403	76568	Sonic Corp	SONC	2016-03-29	2016-03-29	2016-04-12
T3409	3409	63765	Southwestern Energy Co	SWN	2016-10-21	2016-10-21	2016-11-04
T3414	3414	12796	Spirit Airlines Inc	SAVE	2018-02-06	2018-02-06	2018-02-20
T3415	3415	12796	Spirit Airlines Inc	SAVE	2017-02-07	2017-02-07	2017-02-21
T3416	3416	12796	Spirit Airlines Inc	SAVE	2016-02-09	2016-02-09	2016-02-23
T3417	3417	12796	Spirit Airlines Inc	SAVE	2017-07-27	2017-07-27	2017-08-10
T3418	3418	12796	Spirit Airlines Inc	SAVE	2017-04-28	2017-04-28	2017-05-12
T3419	3419	14039	Spirit Realty Capital Inc	SRCA	2018-11-05	2018-11-05	2018-11-19
T3420	3420	13379	Splunk Inc	SPLZ	2015-08-27	2015-08-27	2015-09-10
T3421	3421	14040	Sprint Corp	SPRN	2018-08-01	2018-08-01	2018-08-15
T3422	3422	14102	Sprouts Farmers Market Inc	SPFM	2018-11-01	2018-11-01	2018-11-15
T3423	3423	14102	Sprouts Farmers Market Inc	SPFM	2018-08-02	2018-08-02	2018-08-16
T3424	3424	14102	Sprouts Farmers Market Inc	SPFM	2017-11-02	2017-11-02	2017-11-16
T3432	3432	43350	Stanley Black & Decker Inc	SWK	2017-10-24	2017-10-24	2017-11-07
T3438	3438	75489	Staples Inc	SPLS	2015-11-18	2015-11-18	2015-12-02
T3439	3439	92470	Star Bulk Carriers Corp	SEAT	2017-08-09	2017-08-09	2017-08-23
T3440	3440	92470	Star Bulk Carriers Corp	SEAT	2017-11-20	2017-11-20	2017-12-04
T3441	3441	92470	Star Bulk Carriers Corp	SEAT	2018-02-28	2018-02-28	2018-03-14
T3467	3467	72726	State Street Corp	STBK	2016-10-26	2016-10-26	2016-11-09
T3474	3474	84262	Steel Dynamics Inc	STLD	2018-07-24	2018-07-24	2018-08-07
T3476	3476	84262	Steel Dynamics Inc	STLD	2016-01-26	2016-01-26	2016-02-09
T3477	3477	84262	Steel Dynamics Inc	STLD	2015-01-29	2015-01-29	2015-02-12
T3478	3478	80034	Steven Madden Ltd	SHOO	2016-11-01	2016-11-01	2016-11-15
T3479	3479	80034	Steven Madden Ltd	SHOO	2016-08-02	2016-08-02	2016-08-16
T3480	3480	80034	Steven Madden Ltd	SHOO	2017-04-21	2017-04-21	2017-05-05
T3481	3481	80034	Steven Madden Ltd	SHOO	2016-04-22	2016-04-22	2016-05-06
T3482	3482	80034	Steven Madden Ltd	SHOO	2015-04-24	2015-04-24	2015-05-08
T3483	3483	80034	Steven Madden Ltd	SHOO	2015-02-24	2015-02-24	2015-03-10
T3484	3484	80034	Steven Madden Ltd	SHOO	2016-02-24	2016-02-24	2016-03-09
T3485	3485	80034	Steven Madden Ltd	SHOO	2017-02-28	2017-02-28	2017-03-14
T3486	3486	80034	Steven Madden Ltd	SHOO	2015-10-29	2015-10-29	2015-11-12
T3487	3487	80034	Steven Madden Ltd	SHOO	2015-07-30	2015-07-30	2015-08-13
T3503	3503	68144	SunTrust Banks Inc	STI	2015-07-17	2015-07-17	2015-07-31
T3504	3504	68144	SunTrust Banks Inc	STI	2018-10-19	2018-10-19	2018-11-02
T3505	3505	68144	SunTrust Banks Inc	STI	2015-04-20	2015-04-20	2015-05-04
T3506	3506	68144	SunTrust Banks Inc	STI	2018-04-20	2018-04-20	2018-05-04
T3507	3507	68144	SunTrust Banks Inc	STI	2017-10-20	2017-10-20	2017-11-03
T3508	3508	68144	SunTrust Banks Inc	STI	2016-01-22	2016-01-22	2016-02-05
T3510	3510	90394	Sunstone Hotel Investors Inc	SHO	2016-05-03	2016-05-03	2016-05-17
T3512	3512	90394	Sunstone Hotel Investors Inc	SHO	2018-05-08	2018-05-08	2018-05-22
T3515	3515	90394	Sunstone Hotel Investors Inc	SHO	2017-02-22	2017-02-22	2017-03-08
T3516	3516	90394	Sunstone Hotel Investors Inc	SHO	2016-02-23	2016-02-23	2016-03-08
T3517	3517	77763	Superior Energy Services Inc	SESI	2016-10-25	2016-10-25	2016-11-08
T3518	3518	77763	Superior Energy Services Inc	SESI	2016-04-29	2016-04-29	2016-05-13
T3519	3519	44951	Supervalu Inc	SVU	2018-01-10	2018-01-10	2018-01-24
T3520	3520	44951	Supervalu Inc	SVU	2017-01-11	2017-01-11	2017-01-25
T3522	3522	44951	Supervalu Inc	SVU	2018-04-24	2018-04-24	2018-05-08
T3523	3523	44951	Supervalu Inc	SVU	2016-07-27	2016-07-27	2016-08-10
T3524	3524	44951	Supervalu Inc	SVU	2015-04-28	2015-04-28	2015-05-12
T3525	3525	75607	Symantec Corp	SYMC	2017-02-01	2017-02-01	2017-02-15
T3526	3526	75607	Symantec Corp	SYMC	2017-11-01	2017-11-01	2017-11-15
T3527	3527	75607	Symantec Corp	SYMC	2017-08-02	2017-08-02	2017-08-16
T3528	3528	75607	Symantec Corp	SYMC	2016-11-03	2016-11-03	2016-11-17
T3529	3529	75607	Symantec Corp	SYMC	2015-02-05	2015-02-05	2015-02-19
T3530	3530	75607	Symantec Corp	SYMC	2016-05-12	2016-05-12	2016-05-26
T3531	3531	75607	Symantec Corp	SYMC	2015-05-14	2015-05-14	2015-05-28
T3532	3532	14776	Synchrony Financial	SYF	2015-10-16	2015-10-16	2015-10-30
T3534	3534	14776	Synchrony Financial	SYF	2015-07-17	2015-07-17	2015-07-31
T3540	3540	14776	Synchrony Financial	SYF	2016-10-21	2016-10-21	2016-11-04
T3544	3544	15976	Syndax Pharmaceuticals Inc	SNDX	2018-11-05	2018-11-05	2018-11-19
T3546	3546	20053	Synovus Financial Corp	CBTB	2016-01-19	2016-01-19	2016-02-02
T3547	3547	20053	Synovus Financial Corp	CBTB	2015-01-27	2015-01-27	2015-02-10
T3549	3549	52038	Sysco Corp	SYY	2016-05-02	2016-05-02	2016-05-16
T3550	3550	52038	Sysco Corp	SYY	2015-11-02	2015-11-02	2015-11-16
T3551	3551	52038	Sysco Corp	SYY	2015-05-04	2015-05-04	2015-05-18
T3552	3552	52038	Sysco Corp	SYY	2018-02-05	2018-02-05	2018-02-19
T3553	3553	52038	Sysco Corp	SYY	2018-11-05	2018-11-05	2018-11-19
T3554	3554	52038	Sysco Corp	SYY	2017-02-06	2017-02-06	2017-02-20
T3555	3555	52038	Sysco Corp	SYY	2018-05-07	2018-05-07	2018-05-21
T3556	3556	52038	Sysco Corp	SYY	2016-11-07	2016-11-07	2016-11-21
T3565	3565	91937	T-Mobile US Inc	MPCS	2015-10-27	2015-10-27	2015-11-10
T3566	3566	91937	T-Mobile US Inc	MPCS	2015-04-28	2015-04-28	2015-05-12
T3569	3569	86921	TC PipeLines LP	TCLP	2017-11-06	2017-11-06	2017-11-20
T3570	3570	86921	TC PipeLines LP	TCLP	2018-02-23	2018-02-23	2018-03-09
T3571	3571	84597	TD Ameritrade Holding Corp	AMTD	2017-01-18	2017-01-18	2017-02-01
T3572	3572	84597	TD Ameritrade Holding Corp	AMTD	2018-01-23	2018-01-23	2018-02-06
T3573	3573	92157	TE Connectivity Ltd	TELW	2017-11-01	2017-11-01	2017-11-15
T3574	3574	92157	TE Connectivity Ltd	TELW	2016-11-02	2016-11-02	2016-11-16
T3575	3575	92157	TE Connectivity Ltd	TELW	2016-04-20	2016-04-20	2016-05-04
T3576	3576	92157	TE Connectivity Ltd	TELW	2016-01-20	2016-01-20	2016-02-03
T3578	3578	92157	TE Connectivity Ltd	TELW	2015-04-22	2015-04-22	2015-05-06
T3579	3579	92157	TE Connectivity Ltd	TELW	2015-07-22	2015-07-22	2015-08-05
T3580	3580	92157	TE Connectivity Ltd	TELW	2018-01-24	2018-01-24	2018-02-07
T3581	3581	92157	TE Connectivity Ltd	TELW	2018-04-25	2018-04-25	2018-05-09
T3582	3582	92157	TE Connectivity Ltd	TELW	2018-07-25	2018-07-25	2018-08-08
T3583	3583	92157	TE Connectivity Ltd	TELW	2017-04-26	2017-04-26	2017-05-10
T3584	3584	92157	TE Connectivity Ltd	TELW	2017-07-26	2017-07-26	2017-08-09
T3585	3585	92157	TE Connectivity Ltd	TELW	2015-10-28	2015-10-28	2015-11-11
T3586	3586	92157	TE Connectivity Ltd	TELW	2018-10-31	2018-10-31	2018-11-14
T3589	3589	13914	Tableau Software Inc	TBLS	2015-02-04	2015-02-04	2015-02-18
T3590	3590	13914	Tableau Software Inc	TBLS	2015-07-29	2015-07-29	2015-08-12
T3591	3591	84761	Take-Two Interactive Software Inc	TTWO	2018-02-07	2018-02-07	2018-02-21
T3594	3594	13915	Tallgrass Energy Partners LP	TEPE	2018-02-13	2018-02-13	2018-02-27
T3595	3595	91823	Targa Resources Partners LP	NGLS	2015-05-05	2015-05-05	2015-05-19
T3597	3597	49154	Target Corp	DH	2017-05-17	2017-05-17	2017-05-31
T3598	3598	49154	Target Corp	DH	2016-02-24	2016-02-24	2016-03-09
T3599	3599	49154	Target Corp	DH	2015-02-25	2015-02-25	2015-03-11
T3600	3600	78089	Taubman Centers Inc	TCO	2017-11-02	2017-11-02	2017-11-16
T3601	3601	91321	Teck Resources Ltd	TKE	2016-10-27	2016-10-27	2016-11-10
T3602	3602	91321	Teck Resources Ltd	TKE	2016-07-28	2016-07-28	2016-08-11
T3603	3603	81784	Teekay Corp	TKAY	2015-05-14	2015-05-14	2015-05-28
T3604	3604	81784	Teekay Corp	TKAY	2018-11-15	2018-11-15	2018-11-29
T3605	3605	81784	Teekay Corp	TKAY	2015-02-19	2015-02-19	2015-03-05
T3606	3606	90703	Teekay LNG Partners LP	TGPN	2015-08-06	2015-08-06	2015-08-20
T3607	3607	90703	Teekay LNG Partners LP	TGPN	2018-11-15	2018-11-15	2018-11-29
T3608	3608	90703	Teekay LNG Partners LP	TGPN	2016-02-18	2016-02-18	2016-03-03
T3609	3609	90703	Teekay LNG Partners LP	TGPN	2018-02-22	2018-02-22	2018-03-08
T3610	3610	90703	Teekay LNG Partners LP	TGPN	2017-02-23	2017-02-23	2017-03-09
T3612	3612	92518	Teekay Tankers Ltd	TNK	2015-02-19	2015-02-19	2015-03-05
T3622	3622	92293	Teradata Corp	TDC	2016-08-02	2016-08-02	2016-08-16
T3624	3624	92293	Teradata Corp	TDC	2018-05-03	2018-05-03	2018-05-17
T3625	3625	92293	Teradata Corp	TDC	2016-02-04	2016-02-04	2016-02-18
T3628	3628	92293	Teradata Corp	TDC	2015-11-05	2015-11-05	2015-11-19
T3629	3629	92293	Teradata Corp	TDC	2018-02-08	2018-02-08	2018-02-22
T3630	3630	92293	Teradata Corp	TDC	2017-02-09	2017-02-09	2017-02-23
T3631	3631	92293	Teradata Corp	TDC	2017-04-27	2017-04-27	2017-05-11
T3632	3632	93436	Tesla Inc	TSLA	2018-08-01	2018-08-01	2018-08-15
T3633	3633	93436	Tesla Inc	TSLA	2015-11-03	2015-11-03	2015-11-17
T3634	3634	93436	Tesla Inc	TSLA	2016-05-04	2016-05-04	2016-05-18
T3635	3635	93436	Tesla Inc	TSLA	2015-05-06	2015-05-06	2015-05-20
T3636	3636	93436	Tesla Inc	TSLA	2018-02-07	2018-02-07	2018-02-21
T3637	3637	93436	Tesla Inc	TSLA	2016-02-10	2016-02-10	2016-02-24
T3638	3638	93436	Tesla Inc	TSLA	2015-02-12	2015-02-12	2015-02-26
T3639	3639	93436	Tesla Inc	TSLA	2018-10-24	2018-10-24	2018-11-07
T3640	3640	75652	Teva Pharmaceutical Industries Ltd	TEVI	2017-11-02	2017-11-02	2017-11-16
T3641	3641	75652	Teva Pharmaceutical Industries Ltd	TEVI	2016-08-04	2016-08-04	2016-08-18
T3642	3642	75652	Teva Pharmaceutical Industries Ltd	TEVI	2016-05-09	2016-05-09	2016-05-23
T3643	3643	75652	Teva Pharmaceutical Industries Ltd	TEVI	2016-02-11	2016-02-11	2016-02-25
T3644	3644	75652	Teva Pharmaceutical Industries Ltd	TEVI	2017-05-11	2017-05-11	2017-05-25
T3645	3645	75652	Teva Pharmaceutical Industries Ltd	TEVI	2016-11-15	2016-11-15	2016-11-29
T3646	3646	15579	Texas Instruments Inc	TXN	2015-10-21	2015-10-21	2015-11-04
T3647	3647	15579	Texas Instruments Inc	TXN	2015-04-22	2015-04-22	2015-05-06
T3648	3648	15579	Texas Instruments Inc	TXN	2018-10-23	2018-10-23	2018-11-06
T3649	3649	15579	Texas Instruments Inc	TXN	2018-04-24	2018-04-24	2018-05-08
T3650	3650	15579	Texas Instruments Inc	TXN	2017-01-24	2017-01-24	2017-02-07
T3651	3651	15579	Texas Instruments Inc	TXN	2018-07-24	2018-07-24	2018-08-07
T3652	3652	15579	Texas Instruments Inc	TXN	2016-07-25	2016-07-25	2016-08-08
T3653	3653	15579	Texas Instruments Inc	TXN	2015-01-26	2015-01-26	2015-02-09
T3654	3654	15579	Texas Instruments Inc	TXN	2016-10-26	2016-10-26	2016-11-09
T3655	3655	90427	Texas Roadhouse Inc	TXRH	2016-08-01	2016-08-01	2016-08-15
T3656	3656	90427	Texas Roadhouse Inc	TXRH	2017-05-01	2017-05-01	2017-05-15
T3657	3657	90427	Texas Roadhouse Inc	TXRH	2016-05-02	2016-05-02	2016-05-16
T3658	3658	90427	Texas Roadhouse Inc	TXRH	2015-11-02	2015-11-02	2015-11-16
T3659	3659	90427	Texas Roadhouse Inc	TXRH	2015-05-04	2015-05-04	2015-05-18
T3660	3660	90427	Texas Roadhouse Inc	TXRH	2018-02-20	2018-02-20	2018-03-06
T3661	3661	90427	Texas Roadhouse Inc	TXRH	2017-02-21	2017-02-21	2017-03-07
T3662	3662	90427	Texas Roadhouse Inc	TXRH	2016-02-22	2016-02-22	2016-03-07
T3663	3663	90427	Texas Roadhouse Inc	TXRH	2018-04-30	2018-04-30	2018-05-14
T3664	3664	90427	Texas Roadhouse Inc	TXRH	2018-07-30	2018-07-30	2018-08-13
T3665	3665	90427	Texas Roadhouse Inc	TXRH	2017-10-30	2017-10-30	2017-11-13
T3666	3666	23579	Textron Inc	TXT	2018-07-18	2018-07-18	2018-08-01
T3667	3667	23579	Textron Inc	TXT	2017-10-19	2017-10-19	2017-11-02
T3668	3668	23579	Textron Inc	TXT	2017-01-25	2017-01-25	2017-02-08
T3669	3669	23579	Textron Inc	TXT	2018-01-31	2018-01-31	2018-02-14
T3670	3670	13863	TherapeuticsMD Inc	CRFF	2017-11-06	2017-11-06	2017-11-20
T3671	3671	13863	TherapeuticsMD Inc	CRFF	2018-02-20	2018-02-20	2018-03-06
T3672	3672	62092	Thermo Fisher Scientific Inc	TMO	2015-10-21	2015-10-21	2015-11-04
T3673	3673	62092	Thermo Fisher Scientific Inc	TMO	2015-07-22	2015-07-22	2015-08-05
T3674	3674	62092	Thermo Fisher Scientific Inc	TMO	2018-10-24	2018-10-24	2018-11-07
T3675	3675	62092	Thermo Fisher Scientific Inc	TMO	2018-07-25	2018-07-25	2018-08-08
T3676	3676	62092	Thermo Fisher Scientific Inc	TMO	2017-10-25	2017-10-25	2017-11-08
T3677	3677	62092	Thermo Fisher Scientific Inc	TMO	2017-04-26	2017-04-26	2017-05-10
T3678	3678	62092	Thermo Fisher Scientific Inc	TMO	2016-10-27	2016-10-27	2016-11-10
T3679	3679	62092	Thermo Fisher Scientific Inc	TMO	2016-04-28	2016-04-28	2016-05-12
T3680	3680	62092	Thermo Fisher Scientific Inc	TMO	2016-01-28	2016-01-28	2016-02-11
T3681	3681	62092	Thermo Fisher Scientific Inc	TMO	2016-07-28	2016-07-28	2016-08-11
T3682	3682	62092	Thermo Fisher Scientific Inc	TMO	2015-01-29	2015-01-29	2015-02-12
T3683	3683	62092	Thermo Fisher Scientific Inc	TMO	2017-01-31	2017-01-31	2017-02-14
T3684	3684	62092	Thermo Fisher Scientific Inc	TMO	2018-01-31	2018-01-31	2018-02-14
T3685	3685	14637	Time Inc	TIMEW	2016-05-05	2016-05-05	2016-05-19
T3686	3686	80286	Tractor Supply Co	TSCO	2017-02-01	2017-02-01	2017-02-15
T3687	3687	80286	Tractor Supply Co	TSCO	2016-10-19	2016-10-19	2016-11-02
T3688	3688	80286	Tractor Supply Co	TSCO	2016-07-20	2016-07-20	2016-08-03
T3689	3689	80286	Tractor Supply Co	TSCO	2015-10-21	2015-10-21	2015-11-04
T3690	3690	80286	Tractor Supply Co	TSCO	2015-07-22	2015-07-22	2015-08-05
T3691	3691	80286	Tractor Supply Co	TSCO	2017-10-25	2017-10-25	2017-11-08
T3692	3692	80286	Tractor Supply Co	TSCO	2018-10-25	2018-10-25	2018-11-08
T3693	3693	80286	Tractor Supply Co	TSCO	2018-04-26	2018-04-26	2018-05-10
T3694	3694	80286	Tractor Supply Co	TSCO	2017-07-26	2017-07-26	2017-08-09
T3695	3695	80286	Tractor Supply Co	TSCO	2018-07-26	2018-07-26	2018-08-09
T3696	3696	80286	Tractor Supply Co	TSCO	2015-01-28	2015-01-28	2015-02-11
T3697	3697	67774	TransCanada Corp	TRP2	2017-11-09	2017-11-09	2017-11-23
T3698	3698	91152	TransDigm Group Inc	TGD	2018-02-06	2018-02-06	2018-02-20
T3699	3699	15478	TransUnion	00S9	2018-02-13	2018-02-13	2018-02-27
T3704	3704	15478	TransUnion	00S9	2017-10-27	2017-10-27	2017-11-10
T3705	3705	79237	Transocean Ltd	RIG	2017-05-04	2017-05-04	2017-05-18
T3706	3706	79237	Transocean Ltd	RIG	2016-05-05	2016-05-05	2016-05-19
T3707	3707	59459	Travelers Companies Inc	STPL	2018-10-18	2018-10-18	2018-11-01
T3709	3709	59459	Travelers Companies Inc	STPL	2017-10-19	2017-10-19	2017-11-02
T3710	3710	59459	Travelers Companies Inc	STPL	2017-04-20	2017-04-20	2017-05-04
T3712	3712	59459	Travelers Companies Inc	STPL	2018-04-24	2018-04-24	2018-05-08
T3713	3713	59459	Travelers Companies Inc	STPL	2017-01-24	2017-01-24	2017-02-07
T3719	3719	14918	Travelport Worldwide Ltd	TVPT	2016-11-03	2016-11-03	2016-11-17
T3720	3720	14918	Travelport Worldwide Ltd	TVPT	2015-08-04	2015-08-04	2015-08-18
T3722	3722	14918	Travelport Worldwide Ltd	TVPT	2015-05-06	2015-05-06	2015-05-20
T3724	3724	14918	Travelport Worldwide Ltd	TVPT	2018-02-20	2018-02-20	2018-03-06
T3731	3731	14755	Trinseo SA	TSE	2016-11-02	2016-11-02	2016-11-16
T3732	3732	14755	Trinseo SA	TSE	2015-08-05	2015-08-05	2015-08-19
T3736	3736	89349	Tsakos Energy Navigation Ltd	TNP2	2017-11-30	2017-11-30	2017-12-14
T3737	3737	83462	Tupperware Brands Corp	TUP	2017-02-01	2017-02-01	2017-02-15
T3750	3750	14295	Twitter Inc	TWEE	2015-07-28	2015-07-28	2015-08-11
T3751	3751	77730	Tyson Foods Inc	TYSN	2018-02-08	2018-02-08	2018-02-22
T3752	3752	13253	U.S. Silica Holdings Inc	SLCA	2018-10-23	2018-10-23	2018-11-06
T3753	3753	13253	U.S. Silica Holdings Inc	SLCA	2016-02-24	2016-02-24	2016-03-09
T3754	3754	13253	U.S. Silica Holdings Inc	SLCA	2017-04-25	2017-04-25	2017-05-09
T3755	3755	13253	U.S. Silica Holdings Inc	SLCA	2015-07-29	2015-07-29	2015-08-12
T3756	3756	13253	U.S. Silica Holdings Inc	SLCA	2018-07-31	2018-07-31	2018-08-14
T3757	3757	16084	US Foods Holding Corp	USFD	2018-11-06	2018-11-06	2018-11-20
T3758	3758	16084	US Foods Holding Corp	USFD	2017-11-07	2017-11-07	2017-11-21
T3759	3759	16084	US Foods Holding Corp	USFD	2018-05-08	2018-05-08	2018-05-22
T3760	3760	16084	US Foods Holding Corp	USFD	2016-11-08	2016-11-08	2016-11-22
T3761	3761	16084	US Foods Holding Corp	USFD	2017-08-09	2017-08-09	2017-08-23
T3762	3762	16084	US Foods Holding Corp	USFD	2017-02-15	2017-02-15	2017-03-01
T3763	3763	16084	US Foods Holding Corp	USFD	2018-02-15	2018-02-15	2018-03-01
T3764	3764	16084	US Foods Holding Corp	USFD	2018-07-30	2018-07-30	2018-08-13
T3765	3765	13046	Ubiquiti Networks Inc	UBN	2016-02-04	2016-02-04	2016-02-18
T3766	3766	92322	Ulta Beauty Inc	ULTA	2016-12-01	2016-12-01	2016-12-15
T3767	3767	92322	Ulta Beauty Inc	ULTA	2015-12-03	2015-12-03	2015-12-17
T3768	3768	92322	Ulta Beauty Inc	ULTA	2018-12-06	2018-12-06	2018-12-20
T3769	3769	92322	Ulta Beauty Inc	ULTA	2017-03-09	2017-03-09	2017-03-23
T3770	3770	92322	Ulta Beauty Inc	ULTA	2016-03-10	2016-03-10	2016-03-24
T3771	3771	92322	Ulta Beauty Inc	ULTA	2018-03-15	2018-03-15	2018-03-29
T3773	3773	92322	Ulta Beauty Inc	ULTA	2015-08-27	2015-08-27	2015-09-10
T3774	3774	92322	Ulta Beauty Inc	ULTA	2018-05-31	2018-05-31	2018-06-14
T3775	3775	48725	Union Pacific Corp	UNP	2018-07-19	2018-07-19	2018-08-02
T3776	3776	48725	Union Pacific Corp	UNP	2016-04-21	2016-04-21	2016-05-05
T3777	3777	48725	Union Pacific Corp	UNP	2016-07-21	2016-07-21	2016-08-04
T3778	3778	48725	Union Pacific Corp	UNP	2018-01-25	2018-01-25	2018-02-08
T3779	3779	48725	Union Pacific Corp	UNP	2018-10-25	2018-10-25	2018-11-08
T3780	3780	91103	United Continental Holdings Inc	UAL	2018-10-17	2018-10-17	2018-10-31
T3781	3781	91103	United Continental Holdings Inc	UAL	2017-04-18	2017-04-18	2017-05-02
T3782	3782	91103	United Continental Holdings Inc	UAL	2018-04-18	2018-04-18	2018-05-02
T3783	3783	91103	United Continental Holdings Inc	UAL	2017-01-18	2017-01-18	2017-02-01
T3784	3784	91103	United Continental Holdings Inc	UAL	2017-07-19	2017-07-19	2017-08-02
T3785	3785	91103	United Continental Holdings Inc	UAL	2018-01-23	2018-01-23	2018-02-06
T3786	3786	84275	United Natural Foods Inc	UNF2	2018-12-06	2018-12-06	2018-12-20
T3787	3787	84275	United Natural Foods Inc	UNF2	2015-06-08	2015-06-08	2015-06-22
T3788	3788	84275	United Natural Foods Inc	UNF2	2018-09-20	2018-09-20	2018-10-04
T3789	3789	85663	United Rentals Inc	URI1	2018-10-18	2018-10-18	2018-11-01
T3790	3790	85663	United Rentals Inc	URI1	2018-04-19	2018-04-19	2018-05-03
T3792	3792	85663	United Rentals Inc	URI1	2015-04-22	2015-04-22	2015-05-06
T3793	3793	85663	United Rentals Inc	URI1	2015-01-22	2015-01-22	2015-02-05
T3794	3794	85663	United Rentals Inc	URI1	2015-07-23	2015-07-23	2015-08-06
T3795	3795	85663	United Rentals Inc	URI1	2016-01-28	2016-01-28	2016-02-11
T3797	3797	76644	United States Steel Corp	X	2018-02-01	2018-02-01	2018-02-15
T3798	3798	76644	United States Steel Corp	X	2017-11-01	2017-11-01	2017-11-15
T3801	3801	76644	United States Steel Corp	X	2017-04-26	2017-04-26	2017-05-10
T3803	3803	76644	United States Steel Corp	X	2018-04-27	2018-04-27	2018-05-11
T3804	3804	76644	United States Steel Corp	X	2016-01-27	2016-01-27	2016-02-10
T3806	3806	76644	United States Steel Corp	X	2015-01-28	2015-01-28	2015-02-11
T3807	3807	76644	United States Steel Corp	X	2015-04-29	2015-04-29	2015-05-13
T3808	3808	76644	United States Steel Corp	X	2015-07-29	2015-07-29	2015-08-12
T3809	3809	92655	UnitedHealth Group Inc	UNIH	2018-01-16	2018-01-16	2018-01-30
T3812	3812	92655	UnitedHealth Group Inc	UNIH	2017-10-17	2017-10-17	2017-10-31
T3814	3814	15279	Uniti Group Inc	CSALV	2017-11-02	2017-11-02	2017-11-16
T3826	3826	79881	Urban Outfitters Inc	URBN	2017-11-20	2017-11-20	2017-12-04
T3830	3830	17905	Uxin Ltd	UXIN	2018-11-20	2018-11-20	2018-12-04
T3836	3836	92257	VMware Inc	VMW	2017-08-24	2017-08-24	2017-09-07
T3837	3837	92257	VMware Inc	VMW	2016-01-26	2016-01-26	2016-02-09
T3841	3841	80307	Valeant Pharmaceuticals International Inc	BVF2	2017-11-07	2017-11-07	2017-11-21
T3842	3842	80307	Valeant Pharmaceuticals International Inc	BVF2	2018-05-08	2018-05-08	2018-05-22
T3843	3843	80307	Valeant Pharmaceuticals International Inc	BVF2	2016-11-08	2016-11-08	2016-11-22
T3844	3844	80307	Valeant Pharmaceuticals International Inc	BVF2	2015-10-19	2015-10-19	2015-11-02
T3845	3845	80307	Valeant Pharmaceuticals International Inc	BVF2	2015-02-23	2015-02-23	2015-03-09
T3846	3846	80307	Valeant Pharmaceuticals International Inc	BVF2	2015-07-23	2015-07-23	2015-08-06
T3847	3847	80307	Valeant Pharmaceuticals International Inc	BVF2	2018-02-28	2018-02-28	2018-03-14
T3848	3848	80307	Valeant Pharmaceuticals International Inc	BVF2	2015-04-29	2015-04-29	2015-05-13
T3850	3850	85269	Valero Energy Corp	VLO	2018-04-26	2018-04-26	2018-05-10
T3852	3852	80072	Valley National Bancorp	VNBP	2015-10-28	2015-10-28	2015-11-11
T3853	3853	80072	Valley National Bancorp	VNBP	2015-01-29	2015-01-29	2015-02-12
T3854	3854	16338	Valvoline Inc	VVV	2017-08-02	2017-08-02	2017-08-16
T3855	3855	16338	Valvoline Inc	VVV	2018-08-02	2018-08-02	2018-08-16
T3856	3856	16338	Valvoline Inc	VVV	2017-01-27	2017-01-27	2017-02-10
T3857	3857	27043	Varian Medical Systems Inc	VAR	2016-04-27	2016-04-27	2016-05-11
T3858	3858	27043	Varian Medical Systems Inc	VAR	2016-01-27	2016-01-27	2016-02-10
T3859	3859	27043	Varian Medical Systems Inc	VAR	2016-07-27	2016-07-27	2016-08-10
T3860	3860	27043	Varian Medical Systems Inc	VAR	2015-10-28	2015-10-28	2015-11-11
T3861	3861	27043	Varian Medical Systems Inc	VAR	2015-04-29	2015-04-29	2015-05-13
T3862	3862	27043	Varian Medical Systems Inc	VAR	2015-07-29	2015-07-29	2015-08-12
T3875	3875	93089	Verisk Analytics Inc	VRSK	2018-08-01	2018-08-01	2018-08-15
T3876	3876	93089	Verisk Analytics Inc	VRSK	2017-08-02	2017-08-02	2017-08-16
T3878	3878	93089	Verisk Analytics Inc	VRSK	2016-08-03	2016-08-03	2016-08-17
T3879	3879	93089	Verisk Analytics Inc	VRSK	2016-05-04	2016-05-04	2016-05-18
T3880	3880	93089	Verisk Analytics Inc	VRSK	2018-02-21	2018-02-21	2018-03-07
T3881	3881	93089	Verisk Analytics Inc	VRSK	2016-02-24	2016-02-24	2016-03-09
T3882	3882	93089	Verisk Analytics Inc	VRSK	2015-02-25	2015-02-25	2015-03-11
T3883	3883	93089	Verisk Analytics Inc	VRSK	2015-10-28	2015-10-28	2015-11-11
T3884	3884	93089	Verisk Analytics Inc	VRSK	2015-04-29	2015-04-29	2015-05-13
T3885	3885	93089	Verisk Analytics Inc	VRSK	2015-07-29	2015-07-29	2015-08-12
T3886	3886	93089	Verisk Analytics Inc	VRSK	2018-10-31	2018-10-31	2018-11-14
T3887	3887	65875	Verizon Communications Inc	BEL	2017-10-19	2017-10-19	2017-11-02
T3888	3888	65875	Verizon Communications Inc	BEL	2017-04-20	2017-04-20	2017-05-04
T3889	3889	65875	Verizon Communications Inc	BEL	2016-10-20	2016-10-20	2016-11-03
T3890	3890	65875	Verizon Communications Inc	BEL	2015-04-21	2015-04-21	2015-05-05
T3891	3891	65875	Verizon Communications Inc	BEL	2016-04-21	2016-04-21	2016-05-05
T3892	3892	65875	Verizon Communications Inc	BEL	2016-01-21	2016-01-21	2016-02-04
T3893	3893	65875	Verizon Communications Inc	BEL	2015-07-21	2015-07-21	2015-08-04
T3894	3894	65875	Verizon Communications Inc	BEL	2018-01-23	2018-01-23	2018-02-06
T3895	3895	65875	Verizon Communications Inc	BEL	2018-10-23	2018-10-23	2018-11-06
T3896	3896	65875	Verizon Communications Inc	BEL	2018-04-24	2018-04-24	2018-05-08
T3897	3897	65875	Verizon Communications Inc	BEL	2017-01-24	2017-01-24	2017-02-07
T3898	3898	65875	Verizon Communications Inc	BEL	2018-07-24	2018-07-24	2018-08-07
T3899	3899	65875	Verizon Communications Inc	BEL	2016-07-26	2016-07-26	2016-08-09
T3900	3900	16279	Versum Materials Inc	VSMWI	2017-08-01	2017-08-01	2017-08-15
T3901	3901	16279	Versum Materials Inc	VSMWI	2017-05-02	2017-05-02	2017-05-16
T3902	3902	16279	Versum Materials Inc	VSMWI	2018-02-06	2018-02-06	2018-02-20
T3903	3903	16279	Versum Materials Inc	VSMWI	2018-11-06	2018-11-06	2018-11-20
T3904	3904	16279	Versum Materials Inc	VSMWI	2018-08-07	2018-08-07	2018-08-21
T3905	3905	16279	Versum Materials Inc	VSMWI	2017-11-09	2017-11-09	2017-11-23
T3906	3906	76744	Vertex Pharmaceuticals Inc	VRT1	2017-01-25	2017-01-25	2017-02-08
T3907	3907	76744	Vertex Pharmaceuticals Inc	VRT1	2016-10-25	2016-10-25	2016-11-08
T3908	3908	76744	Vertex Pharmaceuticals Inc	VRT1	2017-10-25	2017-10-25	2017-11-08
T3910	3910	76744	Vertex Pharmaceuticals Inc	VRT1	2017-07-26	2017-07-26	2017-08-09
T3911	3911	76744	Vertex Pharmaceuticals Inc	VRT1	2016-04-27	2016-04-27	2016-05-11
T3913	3913	76744	Vertex Pharmaceuticals Inc	VRT1	2016-01-27	2016-01-27	2016-02-10
T3918	3918	91063	Viacom Inc	VIAB	2018-08-09	2018-08-09	2018-08-23
T3921	3921	91063	Viacom Inc	VIAB	2018-04-25	2018-04-25	2018-05-09
T3922	3922	17332	Victory Capital Holdings Inc	0201	2018-11-07	2018-11-07	2018-11-21
T3923	3923	15088	Virgin America Inc	VA	2015-07-30	2015-07-30	2015-08-13
T3924	3924	92871	Virtus Investment Partners Inc	VRTP	2018-02-02	2018-02-02	2018-02-16
T3925	3925	92611	Visa Inc	VISA	2018-02-01	2018-02-01	2018-02-15
T3926	3926	92611	Visa Inc	VISA	2017-02-02	2017-02-02	2017-02-16
T3927	3927	92611	Visa Inc	VISA	2015-11-02	2015-11-02	2015-11-16
T3928	3928	92611	Visa Inc	VISA	2015-07-23	2015-07-23	2015-08-06
T3929	3929	92611	Visa Inc	VISA	2018-10-24	2018-10-24	2018-11-07
T3930	3930	92611	Visa Inc	VISA	2018-07-25	2018-07-25	2018-08-08
T3931	3931	92611	Visa Inc	VISA	2017-10-25	2017-10-25	2017-11-08
T3932	3932	92611	Visa Inc	VISA	2015-01-29	2015-01-29	2015-02-12
T3933	3933	15168	Vista Outdoor Inc	VSTOW	2016-11-10	2016-11-10	2016-11-24
T3934	3934	15168	Vista Outdoor Inc	VSTOW	2016-02-11	2016-02-11	2016-02-25
T3935	3935	15168	Vista Outdoor Inc	VSTOW	2017-05-11	2017-05-11	2017-05-25
T3937	3937	15168	Vista Outdoor Inc	VSTOW	2015-08-13	2015-08-13	2015-08-27
T3939	3939	93071	Vitamin Shoppe Inc	VTSP	2016-08-03	2016-08-03	2016-08-17
T3940	3940	93071	Vitamin Shoppe Inc	VTSP	2016-05-04	2016-05-04	2016-05-18
T3941	3941	93071	Vitamin Shoppe Inc	VTSP	2015-11-04	2015-11-04	2015-11-18
T3944	3944	93071	Vitamin Shoppe Inc	VTSP	2017-11-08	2017-11-08	2017-11-22
T3945	3945	93071	Vitamin Shoppe Inc	VTSP	2017-05-10	2017-05-10	2017-05-24
T3946	3946	93071	Vitamin Shoppe Inc	VTSP	2016-02-23	2016-02-23	2016-03-08
T3947	3947	93071	Vitamin Shoppe Inc	VTSP	2015-02-24	2015-02-24	2015-03-10
T3948	3948	13904	Voya Financial Inc	VOYA	2017-11-01	2017-11-01	2017-11-15
T3949	3949	13904	Voya Financial Inc	VOYA	2018-08-02	2018-08-02	2018-08-16
T3952	3952	52695	W W Grainger Inc	GWW	2017-04-18	2017-04-18	2017-05-02
T3956	3956	17743	W. R. Berkley Corp	BKLY	2018-04-24	2018-04-24	2018-05-08
T3959	3959	17743	W. R. Berkley Corp	BKLY	2016-07-25	2016-07-25	2016-08-08
T3960	3960	17743	W. R. Berkley Corp	BKLY	2017-07-25	2017-07-25	2017-08-08
T3961	3961	17743	W. R. Berkley Corp	BKLY	2016-10-25	2016-10-25	2016-11-08
T3964	3964	92188	WABCO Holdings Inc	WBCK	2015-02-13	2015-02-13	2015-02-27
T3965	3965	92188	WABCO Holdings Inc	WBCK	2015-07-24	2015-07-24	2015-08-07
T3967	3967	85931	Waddell & Reed Financial Inc	WDR	2016-02-02	2016-02-02	2016-02-16
T3968	3968	85931	Waddell & Reed Financial Inc	WDR	2017-05-02	2017-05-02	2017-05-16
T3969	3969	85931	Waddell & Reed Financial Inc	WDR	2016-07-26	2016-07-26	2016-08-09
T3970	3970	85931	Waddell & Reed Financial Inc	WDR	2015-10-27	2015-10-27	2015-11-10
T3971	3971	85931	Waddell & Reed Financial Inc	WDR	2018-07-31	2018-07-31	2018-08-14
T3972	3972	19502	Walgreens Boots Alliance Inc	WAG	2015-04-09	2015-04-09	2015-04-23
T3973	3973	19502	Walgreens Boots Alliance Inc	WAG	2015-07-09	2015-07-09	2015-07-23
T3974	3974	19502	Walgreens Boots Alliance Inc	WAG	2018-06-28	2018-06-28	2018-07-12
T3975	3975	19502	Walgreens Boots Alliance Inc	WAG	2015-10-28	2015-10-28	2015-11-11
T3976	3976	12477	Walker & Dunlop Inc	WDWD	2016-05-04	2016-05-04	2016-05-18
T3979	3979	26403	Walt Disney Co	DIS	2018-08-07	2018-08-07	2018-08-21
T3988	3988	82651	Waters Corp	WAT	2016-07-26	2016-07-26	2016-08-09
T3993	3993	32791	Weatherford International PLC	ENGY	2016-05-05	2016-05-05	2016-05-19
T3994	3994	32791	Weatherford International PLC	ENGY	2015-10-22	2015-10-22	2015-11-05
T3996	3996	32791	Weatherford International PLC	ENGY	2016-10-26	2016-10-26	2016-11-09
T3998	3998	10932	Webster Financial Corp	WBST	2017-04-21	2017-04-21	2017-05-05
T3999	3999	10932	Webster Financial Corp	WBST	2016-10-21	2016-10-21	2016-11-04
T4000	4000	14616	Weibo Corp	002U	2016-05-12	2016-05-12	2016-05-26
T4001	4001	14616	Weibo Corp	002U	2016-11-22	2016-11-22	2016-12-06
T4002	4002	89244	Weight Watchers International Inc	WTWI	2018-11-01	2018-11-01	2018-11-15
T4005	4005	90272	WellCare Health Plans Inc	WCGI	2015-05-06	2015-05-06	2015-05-20
T4007	4007	90272	WellCare Health Plans Inc	WCGI	2018-10-30	2018-10-30	2018-11-13
T4008	4008	90272	WellCare Health Plans Inc	WCGI	2018-07-31	2018-07-31	2018-08-14
T4009	4009	38703	Wells Fargo & Co	NOB	2018-01-12	2018-01-12	2018-01-26
T4010	4010	38703	Wells Fargo & Co	NOB	2018-10-12	2018-10-12	2018-10-26
T4011	4011	38703	Wells Fargo & Co	NOB	2017-04-13	2017-04-13	2017-04-27
T4012	4012	38703	Wells Fargo & Co	NOB	2018-04-13	2018-04-13	2018-04-27
T4013	4013	38703	Wells Fargo & Co	NOB	2018-07-13	2018-07-13	2018-07-27
T4014	4014	38703	Wells Fargo & Co	NOB	2017-10-13	2017-10-13	2017-10-27
T4015	4015	38703	Wells Fargo & Co	NOB	2016-04-14	2016-04-14	2016-04-28
T4016	4016	38703	Wells Fargo & Co	NOB	2015-01-14	2015-01-14	2015-01-28
T4017	4017	38703	Wells Fargo & Co	NOB	2015-07-14	2015-07-14	2015-07-28
T4018	4018	38703	Wells Fargo & Co	NOB	2017-07-14	2017-07-14	2017-07-28
T4019	4019	38703	Wells Fargo & Co	NOB	2016-10-14	2016-10-14	2016-10-28
T4020	4020	38703	Wells Fargo & Co	NOB	2016-01-15	2016-01-15	2016-01-29
T4021	4021	65947	Welltower Inc	HCN	2016-02-18	2016-02-18	2016-03-03
T4022	4022	65947	Welltower Inc	HCN	2018-10-30	2018-10-30	2018-11-13
T4023	4023	86876	Wesco International Inc	WSCO	2016-10-27	2016-10-27	2016-11-10
T4024	4024	13830	West Corp	WTSZ	2016-08-02	2016-08-02	2016-08-16
T4025	4025	66384	Western Digital Corp	WDC	2017-01-25	2017-01-25	2017-02-08
T4026	4026	66384	Western Digital Corp	WDC	2018-10-25	2018-10-25	2018-11-08
T4027	4027	66384	Western Digital Corp	WDC	2018-07-26	2018-07-26	2018-08-09
T4028	4028	66384	Western Digital Corp	WDC	2017-10-26	2017-10-26	2017-11-09
T4029	4029	66384	Western Digital Corp	WDC	2015-01-27	2015-01-27	2015-02-10
T4030	4030	66384	Western Digital Corp	WDC	2016-07-28	2016-07-28	2016-08-11
T4031	4031	66384	Western Digital Corp	WDC	2015-07-29	2015-07-29	2015-08-12
T4032	4032	91073	Western Refining Inc	WRF	2015-08-04	2015-08-04	2015-08-18
T4033	4033	91461	Western Union Co	WUN	2018-11-01	2018-11-01	2018-11-15
T4034	4034	91461	Western Union Co	WUN	2015-02-10	2015-02-10	2015-02-24
T4035	4035	91461	Western Union Co	WUN	2015-04-30	2015-04-30	2015-05-14
T4036	4036	91461	Western Union Co	WUN	2015-07-30	2015-07-30	2015-08-13
T4037	4037	90312	Westlake Chemical Corp	WLKC	2018-08-02	2018-08-02	2018-08-16
T4038	4038	90312	Westlake Chemical Corp	WLKC	2018-05-03	2018-05-03	2018-05-17
T4039	4039	90312	Westlake Chemical Corp	WLKC	2018-02-20	2018-02-20	2018-03-06
T4040	4040	13627	WhiteWave Foods Co	WWAV	2015-08-07	2015-08-07	2015-08-21
T4041	4041	13627	WhiteWave Foods Co	WWAV	2016-05-10	2016-05-10	2016-05-24
T4042	4042	13627	WhiteWave Foods Co	WWAV	2016-02-11	2016-02-11	2016-02-25
T4043	4043	13627	WhiteWave Foods Co	WWAV	2015-02-12	2015-02-12	2015-02-26
T4044	4044	89901	Whiting Petroleum Corp	WLL	2015-07-30	2015-07-30	2015-08-13
T4045	4045	77281	Whole Foods Market Inc	WFMI	2015-11-04	2015-11-04	2015-11-18
T4046	4046	77281	Whole Foods Market Inc	WFMI	2015-05-06	2015-05-06	2015-05-20
T4047	4047	77281	Whole Foods Market Inc	WFMI	2017-02-08	2017-02-08	2017-02-22
T4048	4048	77281	Whole Foods Market Inc	WFMI	2016-02-10	2016-02-10	2016-02-24
T4050	4050	15782	WillScot Corp	01YF	2018-11-09	2018-11-09	2018-11-23
T4051	4051	38156	Williams Companies Inc	WMB	2015-02-19	2015-02-19	2015-03-05
T4052	4052	38156	Williams Companies Inc	WMB	2015-04-30	2015-04-30	2015-05-14
T4056	4056	83011	Williams-Sonoma Inc	WSGC	2015-03-18	2015-03-18	2015-04-01
T4057	4057	83011	Williams-Sonoma Inc	WSGC	2015-05-20	2015-05-20	2015-06-03
T4066	4066	89017	Willis Towers Watson PLC	WSH	2018-11-02	2018-11-02	2018-11-16
T4068	4068	89017	Willis Towers Watson PLC	WSH	2016-08-05	2016-08-05	2016-08-19
T4070	4070	89017	Willis Towers Watson PLC	WSH	2018-05-07	2018-05-07	2018-05-21
T4071	4071	89017	Willis Towers Watson PLC	WSH	2018-02-08	2018-02-08	2018-02-22
T4072	4072	89017	Willis Towers Watson PLC	WSH	2017-02-09	2017-02-09	2017-02-23
T4081	4081	77217	Wisdom Tree Investments Inc	INDI	2016-02-05	2016-02-05	2016-02-19
T4082	4082	77217	Wisdom Tree Investments Inc	INDI	2015-02-06	2015-02-06	2015-02-20
T4083	4083	77217	Wisdom Tree Investments Inc	INDI	2018-04-27	2018-04-27	2018-05-11
T4084	4084	77217	Wisdom Tree Investments Inc	INDI	2018-07-27	2018-07-27	2018-08-10
T4085	4085	77217	Wisdom Tree Investments Inc	INDI	2017-04-28	2017-04-28	2017-05-12
T4086	4086	77217	Wisdom Tree Investments Inc	INDI	2016-07-29	2016-07-29	2016-08-12
T4087	4087	77217	Wisdom Tree Investments Inc	INDI	2015-10-30	2015-10-30	2015-11-13
T4088	4088	42286	Wolverine World Wide Inc	WWW	2017-05-10	2017-05-10	2017-05-24
T4090	4090	42286	Wolverine World Wide Inc	WWW	2016-10-18	2016-10-18	2016-11-01
T4092	4092	42286	Wolverine World Wide Inc	WWW	2017-02-22	2017-02-22	2017-03-08
T4093	4093	42286	Wolverine World Wide Inc	WWW	2016-02-23	2016-02-23	2016-03-08
T4094	4094	42286	Wolverine World Wide Inc	WWW	2015-04-28	2015-04-28	2015-05-12
T4115	4115	90175	XPO Logistics Inc	SEGZ	2018-11-01	2018-11-01	2018-11-15
T4116	4116	90175	XPO Logistics Inc	SEGZ	2018-08-02	2018-08-02	2018-08-16
T4117	4117	90175	XPO Logistics Inc	SEGZ	2017-11-02	2017-11-02	2017-11-16
T4118	4118	90175	XPO Logistics Inc	SEGZ	2017-08-03	2017-08-03	2017-08-17
T4119	4119	90175	XPO Logistics Inc	SEGZ	2016-08-04	2016-08-04	2016-08-18
T4120	4120	90175	XPO Logistics Inc	SEGZ	2016-05-04	2016-05-04	2016-05-18
T4121	4121	90175	XPO Logistics Inc	SEGZ	2017-05-04	2017-05-04	2017-05-18
T4122	4122	90175	XPO Logistics Inc	SEGZ	2018-02-08	2018-02-08	2018-02-22
T4123	4123	90175	XPO Logistics Inc	SEGZ	2017-02-22	2017-02-22	2017-03-08
T4124	4124	90175	XPO Logistics Inc	SEGZ	2016-02-25	2016-02-25	2016-03-10
T4129	4129	15216	Xenia Hotels & Resorts Inc	XHR	2017-11-07	2017-11-07	2017-11-21
T4130	4130	15216	Xenia Hotels & Resorts Inc	XHR	2017-08-08	2017-08-08	2017-08-22
T4131	4131	15216	Xenia Hotels & Resorts Inc	XHR	2016-05-11	2016-05-11	2016-05-25
T4132	4132	15216	Xenia Hotels & Resorts Inc	XHR	2015-11-12	2015-11-12	2015-11-26
T4133	4133	15216	Xenia Hotels & Resorts Inc	XHR	2016-02-23	2016-02-23	2016-03-08
T4134	4134	15216	Xenia Hotels & Resorts Inc	XHR	2018-02-27	2018-02-27	2018-03-13
T4136	4136	27983	Xerox Corp	XRX	2015-07-24	2015-07-24	2015-08-07
T4138	4138	27983	Xerox Corp	XRX	2015-10-26	2015-10-26	2015-11-09
T4139	4139	27983	Xerox Corp	XRX	2016-01-29	2016-01-29	2016-02-12
T4140	4140	27983	Xerox Corp	XRX	2015-01-30	2015-01-30	2015-02-13
T4141	4141	76201	Xilinx Inc	XLNX	2015-10-14	2015-10-14	2015-10-28
T4142	4142	76201	Xilinx Inc	XLNX	2018-10-24	2018-10-24	2018-11-07
T4143	4143	76201	Xilinx Inc	XLNX	2018-04-25	2018-04-25	2018-05-09
T4144	4144	76201	Xilinx Inc	XLNX	2017-01-25	2017-01-25	2017-02-08
T4145	4145	76201	Xilinx Inc	XLNX	2018-07-25	2018-07-25	2018-08-08
T4146	4146	76201	Xilinx Inc	XLNX	2017-10-25	2017-10-25	2017-11-08
T4147	4147	76201	Xilinx Inc	XLNX	2017-04-26	2017-04-26	2017-05-10
T4148	4148	12799	Yandex NV	YNDX	2015-10-27	2015-10-27	2015-11-10
T4149	4149	12799	Yandex NV	YNDX	2016-10-27	2016-10-27	2016-11-10
T4150	4150	12799	Yandex NV	YNDX	2015-04-28	2015-04-28	2015-05-12
T4151	4151	12799	Yandex NV	YNDX	2016-04-28	2016-04-28	2016-05-12
T4152	4152	12799	Yandex NV	YNDX	2016-07-28	2016-07-28	2016-08-11
T4153	4153	13318	Yelp Inc	YELP	2018-08-08	2018-08-08	2018-08-22
T4154	4154	13318	Yelp Inc	YELP	2016-02-08	2016-02-08	2016-02-22
T4155	4155	13318	Yelp Inc	YELP	2018-11-08	2018-11-08	2018-11-22
T4156	4156	13318	Yelp Inc	YELP	2016-08-09	2016-08-09	2016-08-23
T4157	4157	13318	Yelp Inc	YELP	2017-05-09	2017-05-09	2017-05-23
T4158	4158	13318	Yelp Inc	YELP	2015-07-28	2015-07-28	2015-08-11
T4159	4159	13318	Yelp Inc	YELP	2015-10-28	2015-10-28	2015-11-11
T4160	4160	13318	Yelp Inc	YELP	2015-04-29	2015-04-29	2015-05-13
T4161	4161	16650	Yext Inc	YEXT	2018-11-29	2018-11-29	2018-12-13
T4162	4162	16343	Yum China Holdings Inc	YUMC	2017-04-06	2017-04-06	2017-04-20
T4163	4163	16343	Yum China Holdings Inc	YUMC	2017-07-06	2017-07-06	2017-07-20
T4164	4164	16343	Yum China Holdings Inc	YUMC	2018-02-08	2018-02-08	2018-02-22
T4165	4165	85348	Yum! Brands Inc	YUM	2018-05-02	2018-05-02	2018-05-16
T4166	4166	85348	Yum! Brands Inc	YUM	2017-11-02	2017-11-02	2017-11-16
T4167	4167	85348	Yum! Brands Inc	YUM	2017-05-03	2017-05-03	2017-05-17
T4168	4168	85348	Yum! Brands Inc	YUM	2016-02-04	2016-02-04	2016-02-18
T4169	4169	85348	Yum! Brands Inc	YUM	2015-02-05	2015-02-05	2015-02-19
T4170	4170	85348	Yum! Brands Inc	YUM	2016-10-06	2016-10-06	2016-10-20
T4171	4171	85348	Yum! Brands Inc	YUM	2015-10-07	2015-10-07	2015-10-21
T4172	4172	85348	Yum! Brands Inc	YUM	2017-02-09	2017-02-09	2017-02-23
T4173	4173	85348	Yum! Brands Inc	YUM	2016-07-14	2016-07-14	2016-07-28
T4174	4174	85348	Yum! Brands Inc	YUM	2015-07-15	2015-07-15	2015-07-29
T4175	4175	85348	Yum! Brands Inc	YUM	2016-04-21	2016-04-21	2016-05-05
T4176	4176	85348	Yum! Brands Inc	YUM	2015-04-22	2015-04-22	2015-05-06
T4177	4177	85348	Yum! Brands Inc	YUM	2018-10-31	2018-10-31	2018-11-14
T4178	4178	16449	ZTO Express (Cayman) Inc	ZTO	2018-08-09	2018-08-09	2018-08-23
T4179	4179	16449	ZTO Express (Cayman) Inc	ZTO	2018-11-15	2018-11-15	2018-11-29
T4180	4180	16449	ZTO Express (Cayman) Inc	ZTO	2017-11-21	2017-11-21	2017-12-05
T4181	4181	14984	Zayo Group Holdings Inc	ZAYO	2018-05-03	2018-05-03	2018-05-17
T4182	4182	14984	Zayo Group Holdings Inc	ZAYO	2017-11-06	2017-11-06	2017-11-20
T4183	4183	14984	Zayo Group Holdings Inc	ZAYO	2018-02-07	2018-02-07	2018-02-21
T4184	4184	76795	Zebra Technologies Corp	ZBRA	2018-08-07	2018-08-07	2018-08-21
T4185	4185	76795	Zebra Technologies Corp	ZBRA	2017-08-08	2017-08-08	2017-08-22
T4186	4186	76795	Zebra Technologies Corp	ZBRA	2018-05-08	2018-05-08	2018-05-22
T4187	4187	76795	Zebra Technologies Corp	ZBRA	2016-08-09	2016-08-09	2016-08-23
T4188	4188	76795	Zebra Technologies Corp	ZBRA	2016-05-10	2016-05-10	2016-05-24
T4189	4189	76795	Zebra Technologies Corp	ZBRA	2015-11-10	2015-11-10	2015-11-24
T4190	4190	76795	Zebra Technologies Corp	ZBRA	2018-02-22	2018-02-22	2018-03-08
T4191	4191	76795	Zebra Technologies Corp	ZBRA	2017-02-23	2017-02-23	2017-03-09
T4192	4192	76795	Zebra Technologies Corp	ZBRA	2016-02-25	2016-02-25	2016-03-10
T4193	4193	14641	Zendesk Inc	0051	2018-05-01	2018-05-01	2018-05-15
T4194	4194	14641	Zendesk Inc	0051	2016-11-01	2016-11-01	2016-11-15
T4195	4195	14641	Zendesk Inc	0051	2017-11-01	2017-11-01	2017-11-15
T4196	4196	14641	Zendesk Inc	0051	2017-08-03	2017-08-03	2017-08-17
T4197	4197	14641	Zendesk Inc	0051	2016-05-03	2016-05-03	2016-05-17
T4198	4198	14641	Zendesk Inc	0051	2015-11-03	2015-11-03	2015-11-17
T4199	4199	14641	Zendesk Inc	0051	2017-02-08	2017-02-08	2017-02-22
T4200	4200	14641	Zendesk Inc	0051	2016-02-16	2016-02-16	2016-03-01
T4201	4201	14641	Zendesk Inc	0051	2018-10-30	2018-10-30	2018-11-13
T4202	4202	12927	Zillow Group Inc	ZIL	2016-05-03	2016-05-03	2016-05-17
T4203	4203	12927	Zillow Group Inc	ZIL	2015-11-03	2015-11-03	2015-11-17
T4204	4204	12927	Zillow Group Inc	ZIL	2016-02-11	2016-02-11	2016-02-25
T4205	4205	89070	Zimmer Biomet Holdings Inc	ZMH	2017-11-01	2017-11-01	2017-11-15
T4206	4206	89070	Zimmer Biomet Holdings Inc	ZMH	2018-04-26	2018-04-26	2018-05-10
T4207	4207	89070	Zimmer Biomet Holdings Inc	ZMH	2018-10-26	2018-10-26	2018-11-09
T4208	4208	89070	Zimmer Biomet Holdings Inc	ZMH	2017-04-27	2017-04-27	2017-05-11
T4209	4209	89070	Zimmer Biomet Holdings Inc	ZMH	2017-07-27	2017-07-27	2017-08-10
T4210	4210	89070	Zimmer Biomet Holdings Inc	ZMH	2018-07-27	2018-07-27	2018-08-10
T4211	4211	89070	Zimmer Biomet Holdings Inc	ZMH	2016-04-28	2016-04-28	2016-05-12
T4212	4212	89070	Zimmer Biomet Holdings Inc	ZMH	2016-01-28	2016-01-28	2016-02-11
T4213	4213	89070	Zimmer Biomet Holdings Inc	ZMH	2016-07-28	2016-07-28	2016-08-11
T4214	4214	89070	Zimmer Biomet Holdings Inc	ZMH	2015-10-29	2015-10-29	2015-11-12
T4215	4215	89070	Zimmer Biomet Holdings Inc	ZMH	2018-01-30	2018-01-30	2018-02-13
T4216	4216	89070	Zimmer Biomet Holdings Inc	ZMH	2017-01-31	2017-01-31	2017-02-14
T4217	4217	89070	Zimmer Biomet Holdings Inc	ZMH	2016-10-31	2016-10-31	2016-11-14
T4218	4218	13788	Zoetis Inc	ZOTS	2018-11-01	2018-11-01	2018-11-15
T4219	4219	13788	Zoetis Inc	ZOTS	2018-08-02	2018-08-02	2018-08-16
T4220	4220	13788	Zoetis Inc	ZOTS	2018-05-02	2018-05-02	2018-05-16
T4221	4221	13788	Zoetis Inc	ZOTS	2017-11-02	2017-11-02	2017-11-16
T4222	4222	13788	Zoetis Inc	ZOTS	2016-08-03	2016-08-03	2016-08-17
T4223	4223	13788	Zoetis Inc	ZOTS	2015-11-03	2015-11-03	2015-11-17
T4224	4224	13788	Zoetis Inc	ZOTS	2016-05-04	2016-05-04	2016-05-18
T4225	4225	13788	Zoetis Inc	ZOTS	2017-05-04	2017-05-04	2017-05-18
T4226	4226	13788	Zoetis Inc	ZOTS	2015-02-11	2015-02-11	2015-02-25
T4227	4227	13788	Zoetis Inc	ZOTS	2018-02-15	2018-02-15	2018-03-01
T4228	4228	13788	Zoetis Inc	ZOTS	2016-02-16	2016-02-16	2016-03-01
T4229	4229	13169	Zynga Inc	ZNGA	2015-08-06	2015-08-06	2015-08-20
T4230	4230	92296	athenahealth Inc	ATNH	2015-02-06	2015-02-06	2015-02-20
T4231	4231	92296	athenahealth Inc	ATNH	2016-10-21	2016-10-21	2016-11-04
T4232	4232	92296	athenahealth Inc	ATNH	2016-07-22	2016-07-22	2016-08-05
T4233	4233	16318	e.l.f. Beauty Inc	019I	2018-08-08	2018-08-08	2018-08-22
T4234	4234	16318	e.l.f. Beauty Inc	019I	2018-05-09	2018-05-09	2018-05-23
T4235	4235	86356	eBay Inc	EBY1	2017-07-20	2017-07-20	2017-08-03
T4236	4236	86356	eBay Inc	EBY1	2015-10-21	2015-10-21	2015-11-04
T4237	4237	86356	eBay Inc	EBY1	2016-01-27	2016-01-27	2016-02-10
T4238	4238	16386	iRhythm Technologies Inc	IRTC	2018-08-01	2018-08-01	2018-08-15
T4239	4239	16386	iRhythm Technologies Inc	IRTC	2017-11-01	2017-11-01	2017-11-15
T4240	4240	16386	iRhythm Technologies Inc	IRTC	2017-08-02	2017-08-02	2017-08-16
T4241	4241	16386	iRhythm Technologies Inc	IRTC	2018-05-02	2018-05-02	2018-05-16
T4242	4242	16386	iRhythm Technologies Inc	IRTC	2018-02-14	2018-02-14	2018-02-28
T4243	4243	16535	trivago NV	TRVG	2018-07-25	2018-07-25	2018-08-08
